,Unnamed: 0,org_sent,processed_sent,service,room,loc
0,0,"Close to amenities, shops, transit, and tomes Square.","close to amenities, shops, transit, and tomes square",0.001,0.001,0.4341811239719391
1,1,Everything was great.,everything was great,0.001,0.001,0.001
2,2,They even let us check in an hour early.,they even let us check in an hour early,0.001,0.001,0.001
3,3, staff was very rude...especially security,staff was very rudeespecially security,0.6332249641418457,0.001,0.001
4,4,"Great location, surroundings (inside and outside) and service at a good value.","great location, surroundings (inside and outside) and service at a good value",0.001,0.001,0.3669024407863617
5,5,The location is absolutely perfect,the location is absolutely perfect,0.001,0.001,0.001
6,6,Never will stay again also that still haven't refunded my deposit,never will stay again also that still haven't refunded my deposit,0.001,0.001,0.001
7,7,This hotel was an amazing find for our nyc trip.,this hotel was an amazing find for our nyc trip,0.001,0.001,0.001
8,8,Really swanky and insanely convenient to get anywhere in the city.,really swanky and insanely convenient to get anywhere in the city,0.001,0.001,0.7168886065483093
9,9,Yes the rooms are a bit small ,yes the rooms are a bit small,0.001,0.7064188718795776,0.001
10,10, you’re in nyc so it’s to be expected and It most certainly did not take away from the amazing experience!,you’re in nyc so it’s to be expected and it most certainly did not take away from the amazing experience!,0.001,0.001,0.2649914026260376
11,11,Totally worth it.,totally worth it,0.001,0.001,0.001
12,12,Would definitely stay here again.,would definitely stay here again,0.001,0.001,0.001
13,13," very small and kind of cramped for two, especially when you consider it cost us over $350 for one night.","very small and kind of cramped for two, especially when you consider it cost us over $350 for one night",0.001,0.26878687739372253,0.001
14,14,"The lobby was really nice and spacious, though.","the lobby was really nice and spacious, though",0.001,0.8605532050132751,0.001
15,15,There were not any room service options.,there were not any room service options,0.001,0.001,0.001
16,16,"Wifi was decent, and room amenities were basic.","wifi was decent, and room amenities were basic",0.001,0.6335153579711914,0.001
17,17,The customer service was amazing.,the customer service was amazing,0.7907230257987976,0.001,0.001
18,18,Reina (hotel associate) was kind and very helpful.,reina (hotel associate) was kind and very helpful,0.6156980395317078,0.001,0.001
19,19,I'll definitely be recommending this place.,i'll definitely be recommending this place,0.001,0.001,0.001
20,20,The hotel itself was nice and clean and had a great view of the city.,the hotel itself was nice and clean and had a great view of the city,0.001,0.4678727984428406,0.001
21,21,It was the perfect location.,it was the perfect location,0.001,0.001,0.7227305173873901
22,22,Room was clean and inviting.,room was clean and inviting,0.29159414768218994,0.5420299768447876,0.001
23,23,Great location near Times Square!,great location near times square!,0.001,0.001,0.7911388874053955
24,24,Theater and great food options in proximity.,theater and great food options in proximity,0.001,0.001,0.4808748960494995
25,25,"Firm mattress, clean room great location","firm mattress, clean room great location",0.001,0.5345054268836975,0.22738690674304962
26,26,One full bed convenient regarding city locale,one full bed convenient regarding city locale,0.001,0.001,0.26454541087150574
27,27," really Comfortable, I loveee the view and the Staff Attentions , Honestly Row NYC Its the #1 in my hotels booking","really comfortable, i loveee the view and the staff attentions , honestly row nyc its the #1 in my hotels booking",0.001,0.31713980436325073,0.001
28,28,Great location.,great location,0.001,0.001,0.7220231294631958
29,29,Easy check in and good price,easy check in and good price,0.001,0.001,0.262943834066391
30,30,Ok. hotels should provide coffee in every room ROWNYC has none and charge $4.00 for a cup downstairs in the bar.,ok hotels should provide coffee in every room rownyc has none and charge $400 for a cup downstairs in the bar,0.001,0.001,0.001
31,31,The Row NYC is our new favorite New York hotel.,the row nyc is our new favorite new york hotel,0.001,0.001,0.001
32,32,"The staff is great, it was clean, in a great location, and comfortable.","the staff is great, it was clean, in a great location, and comfortable",0.001,0.3230423927307129,0.001
33,33,Great price for the location to Times Square!,great price for the location to times square!,0.001,0.001,0.4721052348613739
34,34,I did want to clarify our previous rating.,i did want to clarify our previous rating,0.001,0.001,0.001
35,35,The bed was perfectly comfortable.,the bed was perfectly comfortable,0.001,0.5420551896095276,0.2913457751274109
36,36,The cleanliness of the room was mediocre at best.,the cleanliness of the room was mediocre at best,0.001,0.47024819254875183,0.001
37,37,"The bathroom was dirty, mold in the caulk, hair on the floor from the previous guests.","the bathroom was dirty, mold in the caulk, hair on the floor from the previous guests",0.001,0.4625195562839508,0.001
38,38,We had to take face cloths from the housekeeping carts because we were never provided anything ,we had to take face cloths from the housekeeping carts because we were never provided anything,0.001,0.37515532970428467,0.001
39,39, hand towels and bath towels.,hand towels and bath towels,0.001,0.8334761261940002,0.001
40,40,Popcorn paint bubbling up and practically falling due to the fact there was no blower fan in the bathroom.,popcorn paint bubbling up and practically falling due to the fact there was no blower fan in the bathroom,0.001,0.291801780462265,0.001
41,41, never replenished throughout our 4 day stay.,never replenished throughout our 4 day stay,0.001,0.28320184350013733,0.001
42,42,One nice thing is we were provided disposable water bottles to take with us as we were vacationing on the hottest weekend of the summer.,one nice thing is we were provided disposable water bottles to take with us as we were vacationing on the hottest weekend of the summer,0.001,0.32918503880500793,0.001
43,43,The location of the hotel itself in the theater district was perfect!,the location of the hotel itself in the theater district was perfect!,0.001,0.001,0.8608151078224182
44,44,I would stay there again if they did a little updating of the rooms and improved cleanliness.,i would stay there again if they did a little updating of the rooms and improved cleanliness,0.001,0.48597532510757446,0.001
45,45,The hotel was clean and the staff were pleasant to work with.,the hotel was clean and the staff were pleasant to work with,0.6700617671012878,0.001,0.001
46,46,The location was great.,the location was great,0.001,0.001,0.7220559120178223
47,47,The location was fabulous; the desk & concierge staff were very attentive & helpful; the window shades darkened the room significantly; there was a room safe.,the location was fabulous; the desk & concierge staff were very attentive & helpful; the window shades darkened the room significantly; there was a room safe,0.32664746046066284,0.4819331467151642,0.001
48,48,"On the other hand, the room was very small; the electrical outlet in the bathroom was on the opposite wall as the shelf, making plugging in an electric toothbrush/ razor impossible; there was a lot of dust on the chair rail in the bathroom.","on the other hand, the room was very small; the electrical outlet in the bathroom was on the opposite wall as the shelf, making plugging in an electric toothbrush/ razor impossible; there was a lot of dust on the chair rail in the bathroom",0.001,0.4083901643753052,0.001
49,49,"Nice hotel, I was pleased","nice hotel, i was pleased",0.001,0.001,0.001
50,50,Hate sharing a bed with anyone.,hate sharing a bed with anyone,0.001,0.26413241028785706,0.001
51,51,I upgraded to two full beds.,i upgraded to two full beds,0.001,0.8337346315383911,0.001
52,52,Room was very spacious for New York!,room was very spacious for new york!,0.001,0.7221252918243408,0.001
53,53,"HOWEVER, guest services was trash.","however, guest services was trash",0.4318220913410187,0.001,0.001
54,54,It was impossible to get new towels and our trash taken out.,it was impossible to get new towels and our trash taken out,0.001,0.001,0.001
55,55,Had to call multiple times and got greeted with one word answers and awkward hang ups.. And I called about a foul smell in the bathroom and no one responded or came to check on it.,had to call multiple times and got greeted with one word answers and awkward hang ups and i called about a foul smell in the bathroom and no one responded or came to check on it,0.001,0.001,0.001
56,56,Clean sheets.,clean sheets,0.001,0.7230448126792908,0.001
57,57,The hotel is what you would expect from any busy place near Times Square.,the hotel is what you would expect from any busy place near times square,0.001,0.001,0.3809121251106262
58,58,"It was smelly, congested, and not very clean.","it was smelly, congested, and not very clean",0.001,0.2934662103652954,0.001
59,59,"The only saving grace, was that our room was cool and the beds were comfortable.","the only saving grace, was that our room was cool and the beds were comfortable",0.001,0.7383396625518799,0.001
60,60,Definitely not the cleanest.,definitely not the cleanest,0.001,0.29331544041633606,0.001
61,61,Great hotel and location.,great hotel and location,0.001,0.001,0.7911595106124878
62,62,Cheap price from Groupon.,cheap price from groupon,0.001,0.001,0.001
63,63,Cheap price from Groupon,cheap price from groupon,0.001,0.001,0.001
64,64,"The location was great, the accommodations were different and fun, and we had a wonderful time.","the location was great, the accommodations were different and fun, and we had a wonderful time",0.001,0.001,0.001
65,65,Awesome check in and check out service.,awesome check in and check out service,0.6334202885627747,0.001,0.001
66,66,Guest service personnel were warm and inviting.,guest service personnel were warm and inviting,0.6947736740112305,0.001,0.001
67,67,Awesome murals at the end of each hallway.,awesome murals at the end of each hallway,0.001,0.5311033725738525,0.001
68,68,Great add a touch.,great add a touch,0.001,0.4026608467102051,0.001
69,69,Our room was clean and efficient for need.,our room was clean and efficient for need,0.33899274468421936,0.5277653336524963,0.001
70,70,We travel our main concern is cleanliness.,we travel our main concern is cleanliness,0.001,0.3862585425376892,0.001
71,71,The Row definitely met that need.,the row definitely met that need,0.32012924551963806,0.001,0.001
72,72,Would definitely stay again.,would definitely stay again,0.001,0.001,0.001
73,73,The absolute WORST hotel I've ever stayed at!,the absolute worst hotel i've ever stayed at!,0.001,0.001,0.001
74,74,"So bad I didnt stay the night, I was terrified.","so bad i didnt stay the night, i was terrified",0.001,0.001,0.001
75,75,"I thought someone was breaking in my room there was a sketchy connecting door, place is totally outdated, room look like it wld have bed bugs, the ""guests"" look like they live there like a shelter,they were walking barefoot,place smelled like 1000 cigarettes.It's called the row, should be called skid row!","i thought someone was breaking in my room there was a sketchy connecting door, place is totally outdated, room look like it wld have bed bugs, the ""guests"" look like they live there like a shelter,they were walking barefoot,place smelled like 1000 cigarettesit's called the row, should be called skid row!",0.001,0.001,0.001
76,76,We had two full size beds and it was so comfortable!,we had two full size beds and it was so comfortable!,0.001,0.8609203100204468,0.001
77,77,I will say that the only hiccup is when you get on elevator.,i will say that the only hiccup is when you get on elevator,0.001,0.001,0.001
78,78,"This is great, except for when 10-12 different groups are told to get on same elevator.","this is great, except for when 10-12 different groups are told to get on same elevator",0.001,0.001,0.001
79,79,So there sometimes is a little wait for that.,so there sometimes is a little wait for that,0.001,0.001,0.001
80,80,Room was pretty clean.,room was pretty clean,0.001,0.7918073534965515,0.001
81,81,Found a pair of shoes in the closest so appeared to not be a thorough cleaning.,found a pair of shoes in the closest so appeared to not be a thorough cleaning,0.001,0.001,0.001
82,82,Location was excellent though.,location was excellent though,0.001,0.001,0.3263745605945587
83,83,I’d stay there again just lower expectations.,i’d stay there again just lower expectations,0.001,0.001,0.001
84,84,"The best things about the room is that it was spacious, clean, modern, deep and wide bathtub, and last, ","the best things about the room is that it was spacious, clean, modern, deep and wide bathtub, and last,",0.001,0.5462761521339417,0.001
85,85,Hotel staff not polite,hotel staff not polite,0.5858272314071655,0.001,0.001
86,86,"Groupon gave us a total price,however, upon checking in the hotel charged us a $39.00 facilities fee plus tax for the room totaling $43.00.","groupon gave us a total price,however, upon checking in the hotel charged us a $3900 facilities fee plus tax for the room totaling $4300",0.001,0.001,0.001
87,87,For that price added to the regular price of the room we could have stayed at a 5 star hotel such as Marriott or Hilton.,for that price added to the regular price of the room we could have stayed at a 5 star hotel such as marriott or hilton,0.001,0.001,0.001
88,88,Good: --Staff was very nice and helpful.,good: --staff was very nice and helpful,0.42687520384788513,0.001,0.001
89,89,--Comfortable beds.,--comfortable beds,0.001,0.5846416354179382,0.001
90,90,--Good food court in the hotel.,--good food court in the hotel,0.001,0.001,0.47776561975479126
91,91,"Not good: --When you check in they'll tell you that there's a ""mandatory"" $40 per night fee for the gym and internet and we didn't use either one.","not good: --when you check in they'll tell you that there's a ""mandatory"" $40 per night fee for the gym and internet and we didn't use either one",0.001,0.001,0.001
92,92,"--One evening a few of us were quietly relaxing in some comfortable chairs overlooking the bar and they made us move because ""it was time to close off that area"", which was ridiculous.","--one evening a few of us were quietly relaxing in some comfortable chairs overlooking the bar and they made us move because ""it was time to close off that area"", which was ridiculous",0.001,0.001,0.001
93,93,"My rsvp wasnt on their system when i got there, so they booked another reservation, ","my rsvp wasnt on their system when i got there, so they booked another reservation,",0.001,0.001,0.001
94,94,"So i paid double, and i was told i would get refunded ","so i paid double, and i was told i would get refunded",0.001,0.001,0.001
95,95, its been almost a month and still nothing!,its been almost a month and still nothing!,0.001,0.001,0.001
96,96,Oh and they put me in a standard room ,oh and they put me in a standard room,0.001,0.3507055640220642,0.001
97,97, i had paid for a king... luckily the night manager upgraded me or it woulda just bren 1 star...,i had paid for a king luckily the night manager upgraded me or it woulda just bren 1 star,0.001,0.001,0.001
98,98,I love my room and the little view I had it was very nice..,i love my room and the little view i had it was very nice,0.001,0.8604280948638916,0.001
99,99, umm that hallways just creeped me just a little and I'm taking on my friends page cause I felt it was too narrow to me ,umm that hallways just creeped me just a little and i'm taking on my friends page cause i felt it was too narrow to me,0.001,0.001,0.001
100,100,Random breakfast charge on my account.,random breakfast charge on my account,0.2713180482387543,0.001,0.001
101,101,Fire alarm went off at 3am.,fire alarm went off at 3am,0.001,0.001,0.001
102,102,Security guards near elevators were rude.,security guards near elevators were rude,0.001,0.001,0.001
103,103,Kiosk security & receptionist were great!,kiosk security & receptionist were great!,0.001,0.001,0.001
104,104,"Bathroom wasnt clean , razors on floor , tub was dirty.","bathroom wasnt clean , razors on floor , tub was dirty",0.001,0.6522889733314514,0.001
105,105,They have nice outside and amenities appeal ,they have nice outside and amenities appeal,0.001,0.48961272835731506,0.3767434060573578
106,106," need to take more pride in there rooms and cleanliness, if i wasnt here for just one day i would have left!","need to take more pride in there rooms and cleanliness, if i wasnt here for just one day i would have left!",0.001,0.001,0.001
107,107,"The location is great, very central, close to times square andall the touristy attractions.","the location is great, very central, close to times square andall the touristy attractions",0.001,0.001,0.5087118744850159
108,108,The rooms are extremely small.,the rooms are extremely small,0.001,0.7915578484535217,0.001
109,109,The beds are comfortable and air-conditioned.,the beds are comfortable and air-conditioned,0.001,0.8336906433105469,0.001
110,110,The bathroom is very small.,the bathroom is very small,0.001,0.7230518460273743,0.001
111,111,"Be aware that the hotel charges $40 more per night when you check in, as their ""resort"" fee, for internet and ""business center"".","be aware that the hotel charges $40 more per night when you check in, as their ""resort"" fee, for internet and ""business center""",0.001,0.001,0.001
112,112,We do not recommend this hotel.,we do not recommend this hotel,0.001,0.001,0.001
113,113,For so many reasons.,for so many reasons,0.001,0.001,0.001
114,114,There isnt enough space to share details.,there isnt enough space to share details,0.001,0.5287173986434937,0.001
115,115,"Cockroach, Fee charged to use the facilities (what?","cockroach, fee charged to use the facilities (what?",0.001,0.34039241075515747,0.001
116,116,"), poor communication between staff, Dirty room (bring sanitizing wipes if you choose to stay), reserved Fridge never came after promised.","), poor communication between staff, dirty room (bring sanitizing wipes if you choose to stay), reserved fridge never came after promised",0.001,0.001,0.001
117,117,Bellmen watched from lobby as we carried luggage in heavy downpours.,bellmen watched from lobby as we carried luggage in heavy downpours,0.001,0.001,0.001
118,118,The elevator system is ridiculous.,the elevator system is ridiculous,0.2919674217700958,0.001,0.001
119,119,The room so small and bathroom had mold in the shower.,the room so small and bathroom had mold in the shower,0.001,0.6860783696174622,0.001
120,120,The security does nothing to help.,the security does nothing to help,0.29251644015312195,0.001,0.001
121,121,I got charged more money on check out,i got charged more money on check out,0.001,0.001,0.001
122,122,Small closet size rooms,small closet size rooms,0.001,0.833304226398468,0.001
123,123,Stayed in a small room w a king sized bed.,stayed in a small room w a king sized bed,0.001,0.5226773023605347,0.001
124,124,The room was super hot all the time.,the room was super hot all the time,0.001,0.5462027788162231,0.001
125,125,Night stand and closet were stained w some type of gel or liquid that wasn’t cleaned off.,night stand and closet were stained w some type of gel or liquid that wasn’t cleaned off,0.001,0.5617066025733948,0.001
126,126,Walls are super thin so you can hear pretty much everything.,walls are super thin so you can hear pretty much everything,0.001,0.5761876702308655,0.001
127,127,Room didn’t come w a microwave or mini fridge.,room didn’t come w a microwave or mini fridge,0.001,0.46934279799461365,0.001
128,128,Resort fee.,resort fee,0.001,0.001,0.001
129,129,Elevators constantly dirty.,elevators constantly dirty,0.001,0.29183974862098694,0.291704922914505
130,130,"Room smelled musty, found hair in tub, rusty hole on bathroom door frame.","room smelled musty, found hair in tub, rusty hole on bathroom door frame",0.001,0.2785266041755676,0.001
131,131, no type of air freshner used.,no type of air freshner used,0.001,0.632058322429657,0.001
132,132,The best thing was the City Kitchen and candy shop restaurants at the hotel.,the best thing was the city kitchen and candy shop restaurants at the hotel,0.001,0.001,0.342099130153656
133,133, the fire alarm went off for no reason and I waited over 30 minutes for security to come turn it off.,the fire alarm went off for no reason and i waited over 30 minutes for security to come turn it off,0.001,0.001,0.001
134,134,Conveniently located.,conveniently located,0.001,0.001,0.7231726050376892
135,135,"Friendly, courteous, helpful staff.","friendly, courteous, helpful staff",0.6338668465614319,0.001,0.001
136,136,Actually had a woman who was vacuuming help us with the computers when we were struggling to print our airline boarding passes.,actually had a woman who was vacuuming help us with the computers when we were struggling to print our airline boarding passes,0.5099457502365112,0.001,0.001
137,137,She saw us trying to figure it out and turned off the vacuum and came and helped us out.,she saw us trying to figure it out and turned off the vacuum and came and helped us out,0.001,0.001,0.001
138,138,It was around 8 a.m. on Oct 31st.,it was around 8 am on oct 31st,0.001,0.001,0.001
139,139,Comfortable beds.,comfortable beds,0.001,0.7230521440505981,0.001
140,140,"Clean room, comfortable beds, quiet room, and we were on the street side.","clean room, comfortable beds, quiet room, and we were on the street side",0.001,0.7781568765640259,0.001
141,141,"Location, location, location !!!","location, location, location !!",0.001,0.001,0.7915127277374268
142,142,A very busy hotel when we were there and we were still happy with our stay.,a very busy hotel when we were there and we were still happy with our stay,0.001,0.001,0.001
143,143,Hotel was great.,hotel was great,0.001,0.001,0.001
144,144,Room was clean all we needed.,room was clean all we needed,0.001,0.7914307713508606,0.001
145,145,I mean really liked it.,i mean really liked it,0.001,0.001,0.001
146,146,Great for location.,great for location,0.001,0.001,0.7220558524131775
147,147,A few minutes away from Time Square and the Bagel shop you must try: search for Pick a Bagel.,a few minutes away from time square and the bagel shop you must try: search for pick a bagel,0.001,0.001,0.36963772773742676
148,148,It was our first time in New York and we drove there.,it was our first time in new york and we drove there,0.001,0.001,0.001
149,149,"There's a car park around the corner and because we stayed at the hotel, we got $20 off the 2 night parking.","there's a car park around the corner and because we stayed at the hotel, we got $20 off the 2 night parking",0.001,0.001,0.579545259475708
150,150,"Modern, clean, cocktail lounge, food court in lobby, great stadium seating in those areas for people watching in the lobby and outside the windows.","modern, clean, cocktail lounge, food court in lobby, great stadium seating in those areas for people watching in the lobby and outside the windows",0.001,0.4202100932598114,0.20897582173347473
151,151,Rooms were nice and clean.,rooms were nice and clean,0.001,0.7919674515724182,0.001
152,152,The bed was comfortable and the view of the city from our room was beautiful.,the bed was comfortable and the view of the city from our room was beautiful,0.001,0.8808413743972778,0.001
153,153, we stayed for only one night so it was just enough space for us.,we stayed for only one night so it was just enough space for us,0.001,0.29112935066223145,0.001
154,154,"Friendly staff,food court.","friendly staff,food court",0.43377387523651123,0.001,0.23313891887664795
155,155,"Convenient location, very helpful staff, and the elevator system was new to me ","convenient location, very helpful staff, and the elevator system was new to me",0.37702178955078125,0.001,0.2937377691268921
156,156,Rooms were very clean.,rooms were very clean,0.001,0.7229593396186829,0.001
157,157,The location was great and the staff was great.,the location was great and the staff was great,0.001,0.001,0.6327956914901733
158,158,Check in and check out (by phone) was super easy.,check in and check out (by phone) was super easy,0.3466452658176422,0.001,0.001
159,159,"It was clean, no bed bugs, awesome location, and auper accommodating staff.","it was clean, no bed bugs, awesome location, and auper accommodating staff",0.001,0.4937276840209961,0.001
160,160,Clean rooms.,clean rooms,0.001,0.7229586839675903,0.001
161,161,Great location.,great location,0.001,0.001,0.7220808267593384
162,162,Terrible staff and room.,terrible staff and room,0.29194343090057373,0.2913956046104431,0.001
163,163,Our room had black mold as a result of prolonged leak from some room upstairs.,our room had black mold as a result of prolonged leak from some room upstairs,0.001,0.001,0.001
164,164,Staff didn't care and was less than sympathetic.,staff didn't care and was less than sympathetic,0.5308563113212585,0.001,0.001
165,165,I would never go back and would never recommend this hotel to anyone.,i would never go back and would never recommend this hotel to anyone,0.001,0.001,0.001
166,166,I enjoyed the whole Row experience.,i enjoyed the whole row experience,0.001,0.001,0.001
167,167,Our room was just right.....spotless and tranquil.,our room was just rightspotless and tranquil,0.001,0.43420088291168213,0.23375476896762848
168,168,"Loved the City Market...complimentary breakfast, the location, friendliness of their staff.","loved the city marketcomplimentary breakfast, the location, friendliness of their staff",0.3096511662006378,0.001,0.001
169,169,Good view of city and was upgraded to a better room.,good view of city and was upgraded to a better room,0.001,0.6579611897468567,0.001
170,170,Wonderful stay.,wonderful stay,0.001,0.001,0.001
171,171,"Pleasant staff, nice and simple (","pleasant staff, nice and simple (",0.8328680396080017,0.001,0.001
172,172, trendy) hotel - right in the heart of it all.,trendy) hotel - right in the heart of it all,0.001,0.001,0.6040183901786804
173,173,The front desk host was very professional and helpful.,the front desk host was very professional and helpful,0.6953005194664001,0.001,0.001
174,174,Very clean and an awesome experience.,very clean and an awesome experience,0.001,0.3589373230934143,0.001
175,175,Clean reasonable food and deink,clean reasonable food and deink,0.001,0.35675743222236633,0.22655193507671356
176,176,"Great location, nice room and lobby with good food","great location, nice room and lobby with good food",0.001,0.28327593207359314,0.001
177,177,"Customer service where very rude , the rooms where dirty and the view really sucks theres only 1 windows in the rooms so u can barely see anything wasted my money here","customer service where very rude , the rooms where dirty and the view really sucks theres only 1 windows in the rooms so u can barely see anything wasted my money here",0.001,0.35342147946357727,0.001
178,178,"Disappointing in many ways: -Room is ""pre-war"" - not renovated like the lobby.","disappointing in many ways: -room is ""pre-war"" - not renovated like the lobby",0.001,0.001,0.001
179,179,-Bathroom is extremely small; I could barely fit in the space.,-bathroom is extremely small; i could barely fit in the space,0.31891757249832153,0.3459078073501587,0.001
180,180,-The mandatory $30/night hotel facility fee is a rip-off.,-the mandatory $30/night hotel facility fee is a rip-off,0.4571746587753296,0.001,0.001
181,181,It's just an excuse to ask for more money.,it's just an excuse to ask for more money,0.001,0.001,0.001
182,182,There were a series of unfortunate events such as not having a phone in our room and having the wrong dates booked for our stay.,there were a series of unfortunate events such as not having a phone in our room and having the wrong dates booked for our stay,0.001,0.001,0.001
183,183,Would not return.,would not return,0.001,0.001,0.001
184,184,We had one full size bed.,we had one full size bed,0.001,0.8327679634094238,0.001
185,185,The bathroom was tiny and felt dirty.,the bathroom was tiny and felt dirty,0.001,0.5814974308013916,0.001
186,186,There was no TV channel list or anything about the hotel.,there was no tv channel list or anything about the hotel,0.001,0.3801411986351013,0.001
187,187,"When I walked on the carpet floor without any socks on, my feet instantly became very itchy.","when i walked on the carpet floor without any socks on, my feet instantly became very itchy",0.001,0.31731781363487244,0.001
188,188,"We asked for two extra pillows at the end of the night, and we each woke up with a pimple on our faces.","we asked for two extra pillows at the end of the night, and we each woke up with a pimple on our faces",0.001,0.2622365355491638,0.001
189,189,"Parking spaces are hard to find, due to being in Times Sq.","parking spaces are hard to find, due to being in times sq",0.001,0.001,0.22125594317913055
190,190,Queen bed had enough space for two people.,queen bed had enough space for two people,0.001,0.7153253555297852,0.001
191,191,"Stayed at the ROW NYC, location convenient to Times Square, and safe.","stayed at the row nyc, location convenient to times square, and safe",0.001,0.001,0.6175833344459534
192,192,The lobby lounge was friendly and City Market was nice with lots of choices.,the lobby lounge was friendly and city market was nice with lots of choices,0.001,0.001,0.001
193,193,"Our room was clean and quiet, Will go back","our room was clean and quiet, will go back",0.001,0.5005701184272766,0.001
194,194,Perfect location.,perfect location,0.001,0.001,0.7226921916007996
195,195,Just enough space for a single person or couple in the full bed room.,just enough space for a single person or couple in the full bed room,0.001,0.5404995083808899,0.001
196,196,"Indulge and take the NYC tour foe Uptown, Downtown and Staen Island Ferry.","indulge and take the nyc tour foe uptown, downtown and staen island ferry",0.001,0.001,0.5426973104476929
197,197,Be sure to stop at the photo booth and take a few flicks and have them emailed to you.,be sure to stop at the photo booth and take a few flicks and have them emailed to you,0.001,0.001,0.001
198,198,Totally awesome trip.,totally awesome trip,0.001,0.001,0.001
199,199,"When I arrived the reservation was wrong, booked one room with 2 double beds and was told it was for a room with one bed, after showing them my Groupon they agreed it was a mistake ","when i arrived the reservation was wrong, booked one room with 2 double beds and was told it was for a room with one bed, after showing them my groupon they agreed it was a mistake",0.001,0.2782488465309143,0.001
200,200," didn't have any double rooms available, they ended up giving us 2 rooms near each other for no additional cost which was great ","didn't have any double rooms available, they ended up giving us 2 rooms near each other for no additional cost which was great",0.001,0.4055497646331787,0.21532504260540009
201,201, the customer service I experienced later in the evening was awful!,the customer service i experienced later in the evening was awful!,0.001,0.001,0.001
202,202,Nice place to stay at.,nice place to stay at,0.001,0.001,0.001
203,203,Great location right by Times Square.,great location right by times square,0.001,0.001,0.7917440533638
204,204,I was 19 at the time and finding hotels with a minimum check in age of 18 was/is hard.,i was 19 at the time and finding hotels with a minimum check in age of 18 was/is hard,0.001,0.001,0.001
205,205,The hotel was just a few minutes away from Time Square.,the hotel was just a few minutes away from time square,0.001,0.001,0.5436921715736389
206,206,I could see the H&M Tower from my room.,i could see the h&m tower from my room,0.001,0.001,0.001
207,207,"The room was small(could've been smaller so I'm not complaining), ","the room was small(could've been smaller so i'm not complaining),",0.001,0.4108023941516876,0.001
208,208,It was very clean and the hotel staff was also great.,it was very clean and the hotel staff was also great,0.2642073333263397,0.29324981570243835,0.3585975170135498
209,209,I would stay at this hotel again and again.,i would stay at this hotel again and again,0.001,0.001,0.001
210,210,Right in the middle of the theatre district and the onsite food court is very convenient!,right in the middle of the theatre district and the onsite food court is very convenient!,0.001,0.001,0.574185311794281
211,211,Staff very accommodating.,staff very accommodating,0.7234776616096497,0.001,0.001
212,212,The cafeteria was diverse and offered many choices to eat.,the cafeteria was diverse and offered many choices to eat,0.001,0.001,0.001
213,213,He helped get our room straight when we were put in the wrong one.,he helped get our room straight when we were put in the wrong one,0.001,0.001,0.001
214,214,Very clean and comfortable.,very clean and comfortable,0.001,0.7230522036552429,0.001
215,215,Had a beautiful view of the city on the 25th floor.,had a beautiful view of the city on the 25th floor,0.001,0.6153460741043091,0.001
216,216,Junior at check-in was great.,junior at check-in was great,0.001,0.001,0.5415120720863342
217,217,Check out was easy.,check out was easy,0.001,0.001,0.3894529938697815
218,218,The room needed a little repair.,the room needed a little repair,0.001,0.001,0.001
219,219,"There was duct tape on the corner of bed, the ""ergonomic"" desk chair was an old fold up chair and the heater made noise every time it kicked on.","there was duct tape on the corner of bed, the ""ergonomic"" desk chair was an old fold up chair and the heater made noise every time it kicked on",0.001,0.46985676884651184,0.001
220,220,Other than that would definitely stay there again.,other than that would definitely stay there again,0.001,0.001,0.001
221,221,I notice the price is better on the Row NYC website than the Groupon I purchased; so perhaps check the website to see if you can get a better price through the hotel.,i notice the price is better on the row nyc website than the groupon i purchased; so perhaps check the website to see if you can get a better price through the hotel,0.001,0.001,0.001
222,222,"The accommodations were lovely -- my girls said it was ""perfect for Millenials""","the accommodations were lovely -- my girls said it was ""perfect for millenials""",0.001,0.001,0.001
223,223,"Location, location, location.","location, location, location",0.001,0.001,0.792133629322052
224,224,Very convenient to the Broadway theaters,very convenient to the broadway theaters,0.001,0.001,0.7231809496879578
225,225,it is located near all major Times Square locations.,it is located near all major times square locations,0.001,0.001,0.8337246179580688
226,226,"The only negative I would say was the long line for the check in, other than that everything was perfect!","the only negative i would say was the long line for the check in, other than that everything was perfect!",0.001,0.001,0.3363553583621979
227,227,We arrived early and were able to check in right away!,we arrived early and were able to check in right away!,0.001,0.001,0.2744426131248474
228,228,Valet parking is worth it to save yourself the headache.,valet parking is worth it to save yourself the headache,0.2655225396156311,0.001,0.31083160638809204
229,229, it was really cute.,it was really cute,0.001,0.7210583686828613,0.001
230,230,"clean, price except for add on daily charges","clean, price except for add on daily charges",0.001,0.2613561153411865,0.001
231,231,"Clean rooms ,efficient staff ,great location.","clean rooms ,efficient staff ,great location",0.30970820784568787,0.3724457025527954,0.24618466198444366
232,232,"Very convenient location, close to Times Square and theaters.","very convenient location, close to times square and theaters",0.001,0.001,0.8341463208198547
233,233,It was clean and big enough to soak in.,it was clean and big enough to soak in,0.001,0.5967237949371338,0.001
234,234,This is a huge plus for someone who lives with a stall shower and just wants to relax in a nice hot bubble bath.,this is a huge plus for someone who lives with a stall shower and just wants to relax in a nice hot bubble bath,0.001,0.34554240107536316,0.001
235,235,"The room was very nice, location was VG.","the room was very nice, location was vg",0.001,0.523134171962738,0.31051090359687805
236,236,Groupon will hit you for a booking fee and the hotel hits u for city hotel tax.,groupon will hit you for a booking fee and the hotel hits u for city hotel tax,0.001,0.32976651191711426,0.001
237,237,"Check in was quite long of a wait, elevators seemed to work very slowly.","check in was quite long of a wait, elevators seemed to work very slowly",0.001,0.001,0.001
238,238,I had a very loud neighbor that talked until 2 - 3 in the morning.,i had a very loud neighbor that talked until 2 - 3 in the morning,0.001,0.001,0.20036980509757996
239,239,"Hoping that they would settle down, that did not happen.","hoping that they would settle down, that did not happen",0.001,0.001,0.001
240,240,I did contact security and they did handle it- within 30 - 40 minute window,i did contact security and they did handle it- within 30 - 40 minute window,0.001,0.001,0.2756046950817108
241,241,Rooms were clean.,rooms were clean,0.001,0.7229588031768799,0.001
242,242,Close to all activities in the area including restaurants.,close to all activities in the area including restaurants,0.001,0.001,0.4026442766189575
243,243,The only thing we did not expect was a total of $89.00 facility fee which I was not told about before booking.,the only thing we did not expect was a total of $8900 facility fee which i was not told about before booking,0.001,0.001,0.001
244,244,Great location and comfortable beds,great location and comfortable beds,0.001,0.521579384803772,0.34462448954582214
245,245,Hotel is in a great location,hotel is in a great location,0.001,0.001,0.001
246,246,It was also very clean.,it was also very clean,0.001,0.7210461497306824,0.001
247,247,I loved that the hotel was close to everything.,i loved that the hotel was close to everything,0.001,0.001,0.44348418712615967
248,248,Check in was easy and painless.,check in was easy and painless,0.5416519641876221,0.001,0.2916591167449951
249,249, otherwise farely clean.,otherwise farely clean,0.001,0.38983163237571716,0.001
250,250,The bathroom mirror could use some fixing the silver mirror like base was coming off and you could see a brown based glue that was used to seal it together.,the bathroom mirror could use some fixing the silver mirror like base was coming off and you could see a brown based glue that was used to seal it together,0.001,0.28912433981895447,0.001
251,251,Bathroom could have been a little cleaner.,bathroom could have been a little cleaner,0.001,0.4945424497127533,0.001
252,252,The location was perfect for us.,the location was perfect for us,0.001,0.001,0.7226979732513428
253,253,The hotel was near everywhere we wanted to go.,the hotel was near everywhere we wanted to go,0.001,0.001,0.8605470657348633
254,254,Easy check-in process,easy check-in process,0.001,0.001,0.29170510172843933
255,255,"was clean, nice looking, convenient, inexpensive, easy transition for check in and check in of bags.","was clean, nice looking, convenient, inexpensive, easy transition for check in and check in of bags",0.001,0.001,0.40746673941612244
256,256,Only negative I would have to say is the hallway is a little tight.,only negative i would have to say is the hallway is a little tight,0.001,0.001,0.001
257,257,We had a 2 bed bit for 4 people we would have preferred a little more room.,we had a 2 bed bit for 4 people we would have preferred a little more room,0.001,0.37579837441444397,0.001
258,258,We were supposed to have a city view room!,we were supposed to have a city view room!,0.001,0.41379278898239136,0.001
259,259,Location - close to all NYC has to offfer,location - close to all nyc has to offfer,0.001,0.001,0.7240526676177979
260,260,Access to Time Square and City Kitche,access to time square and city kitche,0.5847950577735901,0.001,0.001
261,261,There's a bar in the hotel and city kitchen is connected to the hotel.,there's a bar in the hotel and city kitchen is connected to the hotel,0.001,0.001,0.001
262,262,Great location and hotel room very clean,great location and hotel room very clean,0.001,0.435485303401947,0.45273223519325256
263,263,"In the theater district, walking distance to Radio City, Time Square and Rockefeller Center.","in the theater district, walking distance to radio city, time square and rockefeller center",0.001,0.001,0.8341739177703857
264,264,Plus subway 1 block away to get to anywhere else you wanted to go.,plus subway 1 block away to get to anywhere else you wanted to go,0.001,0.001,0.6853477954864502
265,265,The location & ambience - hip and dynamic!,the location & ambience - hip and dynamic!,0.001,0.001,0.5420209765434265
266,266,comfortable and room had good storage space for clothes and accessories,comfortable and room had good storage space for clothes and accessories,0.001,0.7550487518310547,0.001
267,267,:) I can not say enough about how wonderful this hotel is!,:) i can not say enough about how wonderful this hotel is!,0.001,0.001,0.001
268,268,Living on Long Island I never HAVE to stay in NYC ,living on long island i never have to stay in nyc,0.001,0.001,0.001
269,269,This will ALWAYS be my hotel choice and I suggest you try it out!,this will always be my hotel choice and i suggest you try it out!,0.001,0.001,0.001
270,270,right near theater district and restaurants,right near theater district and restaurants,0.001,0.001,0.8608986139297485
271,271,We had two beds.,we had two beds,0.001,0.722545325756073,0.001
272,272,felt brand new in a great location,felt brand new in a great location,0.001,0.001,0.001
273,273,"Location, lobby ammenities","location, lobby ammenities",0.001,0.5406647324562073,0.291551411151886
274,274,location is great for the broadway shows,location is great for the broadway shows,0.001,0.001,0.632926344871521
275,275,"the view form the room was nice, everything else was pretty subpar.","the view form the room was nice, everything else was pretty subpar",0.001,0.46609020233154297,0.001
276,276,and there were stains all over the bathtub which was fairly gross.,and there were stains all over the bathtub which was fairly gross,0.001,0.8336146473884583,0.001
277,277,Our room was ready upon check in and every clean.,our room was ready upon check in and every clean,0.001,0.001,0.001
278,278,"the hotel is on a great spot, the lobby is cool ","the hotel is on a great spot, the lobby is cool",0.001,0.3401546776294708,0.2605137228965759
279,279,"the bed is very low to the floor, the tub was filthy and housekeeping will keep you up all morning being very loud.","the bed is very low to the floor, the tub was filthy and housekeeping will keep you up all morning being very loud",0.001,0.45128875970840454,0.001
280,280,Friendly check in staff.,friendly check in staff,0.7921716570854187,0.001,0.001
281,281,Decent sized rooms with all the basics.,decent sized rooms with all the basics,0.001,0.6335369944572449,0.001
282,282,"Location, location, location.","location, location, location",0.001,0.001,0.7921341061592102
283,283,"The hotel associate, Reina, was very nice and helpful: my mom and I were able to get into the room earlier and that really made our trip more enjoyable and smooth.","the hotel associate, reina, was very nice and helpful: my mom and i were able to get into the room earlier and that really made our trip more enjoyable and smooth",0.001,0.001,0.001
284,284,I can't say enough about it.,i can't say enough about it,0.001,0.001,0.001
285,285,"Second time here,and already have a reservation for January.","second time here,and already have a reservation for january",0.001,0.001,0.001
286,286,Love the way they updated an older building.,love the way they updated an older building,0.001,0.517855703830719,0.001
287,287,"Check in was easy, room was nice with view if several Broadway theaters.","check in was easy, room was nice with view if several broadway theaters",0.001,0.3636150062084198,0.3718056380748749
288,288,Will definitely stay there again.,will definitely stay there again,0.001,0.001,0.001
289,289,Loved how it was so close to everything in the city!,loved how it was so close to everything in the city!,0.001,0.001,0.5575047135353088
290,290,Was very pleased with the hotel and the convenience of location,was very pleased with the hotel and the convenience of location,0.001,0.001,0.001
291,291,Would stay there again particularly for that price!,would stay there again particularly for that price!,0.001,0.2916034758090973,0.001
292,292,"rot problems with molding just covered in paint), ","rot problems with molding just covered in paint),",0.001,0.5259104371070862,0.001
293,293, it didn't really bother us.,it didn't really bother us,0.001,0.001,0.001
294,294,I can just foresee these flaws coming up as bigger problems down the road because they were simply ignored.,i can just foresee these flaws coming up as bigger problems down the road because they were simply ignored,0.001,0.001,0.001
295,295,"Very Nice, Smells Great and Looks Clean","very nice, smells great and looks clean",0.001,0.721398651599884,0.001
296,296,Rooms were super small ,rooms were super small,0.001,0.7913206219673157,0.001
297,297,"I really thought that it was wonderful, the rooms were a little small ","i really thought that it was wonderful, the rooms were a little small",0.001,0.4425041377544403,0.001
298,298, everything was really nice.,everything was really nice,0.001,0.7904441356658936,0.001
299,299,please fix the AC in the hallways!,please fix the ac in the hallways!,0.001,0.001,0.001
300,300,We really enjoyed our stay at The Milford.,we really enjoyed our stay at the milford,0.001,0.001,0.001
301,301,The only thing I didn't like was how small the rooms were ,the only thing i didn't like was how small the rooms were,0.001,0.4549356698989868,0.001
302,302,"Although the rooms were small, we found we had everything we need and all the decor and fixtures were new, modern, and very much appreciated.","although the rooms were small, we found we had everything we need and all the decor and fixtures were new, modern, and very much appreciated",0.001,0.6361910104751587,0.001
303,303,"We particularly liked the large TV, although allowing it to tilt or turn a bit would help that small room out a lot.","we particularly liked the large tv, although allowing it to tilt or turn a bit would help that small room out a lot",0.001,0.5497427582740784,0.001
304,304,The updating was done with excellent taste and made us feel very comfortable.,the updating was done with excellent taste and made us feel very comfortable,0.3834303617477417,0.33967941999435425,0.001
305,305,We would suggest a little more sound proofing as we were awoken by sounds in the hall a few times.,we would suggest a little more sound proofing as we were awoken by sounds in the hall a few times,0.001,0.001,0.001
306,306,We would recommend this hotel to those who want a fantastic location and all the modern comforts of a hotel ,we would recommend this hotel to those who want a fantastic location and all the modern comforts of a hotel,0.001,0.001,0.001
307,307,When I was staying at the Milford hotel there was construction going on which was fine because where my room was it was very quiet.,when i was staying at the milford hotel there was construction going on which was fine because where my room was it was very quiet,0.001,0.3638544976711273,0.001
308,308,I do have one complaint though.,i do have one complaint though,0.001,0.001,0.001
309,309,Every time I called the front desk there was no answer.. Every time!,every time i called the front desk there was no answer every time!,0.30483388900756836,0.001,0.001
310,310,It was very annoying after the first 10 times so I walked down to the front desk and when I asked why there was no answer the girl told me it was because they were busy which was funny to me because there was no one at the desk ,it was very annoying after the first 10 times so i walked down to the front desk and when i asked why there was no answer the girl told me it was because they were busy which was funny to me because there was no one at the desk,0.001,0.001,0.001
311,311, other than that I did enjoy the room and the theme.,other than that i did enjoy the room and the theme,0.001,0.2913634181022644,0.001
312,312,Would be nice if you offered some smoking rooms,would be nice if you offered some smoking rooms,0.001,0.38000407814979553,0.001
313,313,Horrible customer service,horrible customer service,0.7912868857383728,0.001,0.001
314,314,At 10am they had a fire drill woke us up !,at 10am they had a fire drill woke us up !,0.001,0.001,0.001
315,315,Please cancel my reservation,please cancel my reservation,0.4998056888580322,0.001,0.001
316,316,Say there going too fix situation room was so hot and sent worker up too fix 1AM was in and out for hour and work up 7AM was so hot wasn't funny!!!,say there going too fix situation room was so hot and sent worker up too fix 1am was in and out for hour and work up 7am was so hot wasn't funny!!,0.001,0.001,0.001
317,317,Been there 4 or 5 times and would sleep in my car before ever staying there again..!,been there 4 or 5 times and would sleep in my car before ever staying there again!,0.001,0.001,0.001
318,318,"Becareful if booking when you checkout because they charged for hotel fee, parking, ","becareful if booking when you checkout because they charged for hotel fee, parking,",0.001,0.001,0.27832964062690735
319,319,Over last year manager has changed everytime checking in.,over last year manager has changed everytime checking in,0.001,0.001,0.001
320,320,Another party was complaining during checkout that room was dirty and had used condoms in drawer!!!,another party was complaining during checkout that room was dirty and had used condoms in drawer!!,0.001,0.001,0.001
321,321,The room was so cold and heater was not working.,the room was so cold and heater was not working,0.001,0.001,0.001
322,322,"After a guy fixed it, it made noisy sound throughout the night.","after a guy fixed it, it made noisy sound throughout the night",0.001,0.001,0.001
323,323, the staff was extremely rude when we called for a late check out!,the staff was extremely rude when we called for a late check out!,0.5301556587219238,0.001,0.001
324,324,She simple screamed NO and hung up.,she simple screamed no and hung up,0.5426321625709534,0.2911396324634552,0.001
325,325,It's a Monday how come we can't stay till 3?,it's a monday how come we can't stay till 3?,0.001,0.001,0.001
326,326,Check in is not till 4 and our flights not till tonight.,check in is not till 4 and our flights not till tonight,0.001,0.001,0.27243590354919434
327,327,Nope they would not accommodate this.,nope they would not accommodate this,0.001,0.001,0.001
328,328,"Won't stay here again Oh yea an the resort fee is upwards $50, not worth it","won't stay here again oh yea an the resort fee is upwards $50, not worth it",0.001,0.001,0.001
329,329,I arrived in the evening time and the guy standing outside watching me take all of my bags out of my car including one that was completely ripped and he watch me walk all the way upstairs with them instead of offering me help.,i arrived in the evening time and the guy standing outside watching me take all of my bags out of my car including one that was completely ripped and he watch me walk all the way upstairs with them instead of offering me help,0.001,0.001,0.001
330,330,While I was checking out one of your hallway service people ask my wife if she was homeless.,while i was checking out one of your hallway service people ask my wife if she was homeless,0.001,0.001,0.001
331,331,Some people just need to be better about people skills.,some people just need to be better about people skills,0.8609334230422974,0.001,0.001
332,332,"Noticed our toilet making a loud noise hours after we had used it and a few minutes later there was sewage in our bath tub, so, needless to say we did not take a shower.","noticed our toilet making a loud noise hours after we had used it and a few minutes later there was sewage in our bath tub, so, needless to say we did not take a shower",0.001,0.001,0.001
333,333,"The room also, was not cleaned well and their was dust and dirt everywhere.","the room also, was not cleaned well and their was dust and dirt everywhere",0.001,0.3246086835861206,0.001
334,334,The rooms are also the smallest hotel rooms I have ever seen and finding your room is a feat.,the rooms are also the smallest hotel rooms i have ever seen and finding your room is a feat,0.001,0.4359622895717621,0.001
335,335,"Very dirty, lobby, rooms, furnature was old and worn.Elevator was suppose to be being checked and would be down 5 mins.","very dirty, lobby, rooms, furnature was old and wornelevator was suppose to be being checked and would be down 5 mins",0.001,0.3710557818412781,0.001
336,336,"thirty minutes later it was still down, we had to ride a service elevator that stopped at every floor.","thirty minutes later it was still down, we had to ride a service elevator that stopped at every floor",0.001,0.001,0.2113099992275238
337,337,This made us miss the first thirty minutes of show.,this made us miss the first thirty minutes of show,0.5373149514198303,0.001,0.001
338,338,"By the time we arrived on the lobby floor from service elevator, my make up was running off my face, and our clothes was wet!","by the time we arrived on the lobby floor from service elevator, my make up was running off my face, and our clothes was wet!",0.001,0.001,0.001
339,339,"This hotel is worst than a one star hotel, rooms are very small, behind the bed and night stand was very dirty, bathroom is very outdated, plus they changed you 30 dollars + tax per day for wifi and phone use, mandatory, I will never use this hotel again, Luis Portal","this hotel is worst than a one star hotel, rooms are very small, behind the bed and night stand was very dirty, bathroom is very outdated, plus they changed you 30 dollars + tax per day for wifi and phone use, mandatory, i will never use this hotel again, luis portal",0.001,0.001,0.001
340,340,The housekeeper kept harassing us since 9 am trying to rush rooms cleaned when check out us at 12 !,the housekeeper kept harassing us since 9 am trying to rush rooms cleaned when check out us at 12 !,0.001,0.001,0.001
341,341,"Knocking on the door at 9 Am after I just told her I'm leaving at check out time , then giving me attitude pointing at her watch like hurry up ..never again ..","knocking on the door at 9 am after i just told her i'm leaving at check out time , then giving me attitude pointing at her watch like hurry up never again ",0.001,0.001,0.001
342,342,I paid just as much money as the next guest !,i paid just as much money as the next guest !,0.001,0.001,0.001
343,343,Groupon is a rip-off and this hotel is absolutely horrible!!!!,groupon is a rip-off and this hotel is absolutely horrible!!!,0.001,0.001,0.001
344,344,They put me in the wrong room and when they tried to give me another room for the inconvenience there was someone already staying there.,they put me in the wrong room and when they tried to give me another room for the inconvenience there was someone already staying there,0.001,0.001,0.001
345,345,They blamed Groupon for sending the wrong room information ,they blamed groupon for sending the wrong room information,0.001,0.001,0.001
346,346, l never experienced a hotel more disorganized than this.,l never experienced a hotel more disorganized than this,0.001,0.001,0.001
347,347,The room was tiny with a small little window facing an old dirty generator.,the room was tiny with a small little window facing an old dirty generator,0.001,0.6469758749008179,0.001
348,348,The room smacked us in the face with the smell of mildew.,the room smacked us in the face with the smell of mildew,0.001,0.4754478335380554,0.001
349,349,There minimalist style was taken a little far when my husband and I were given 1 towel to wash with and a TV w/ no remote.,there minimalist style was taken a little far when my husband and i were given 1 towel to wash with and a tv w/ no remote,0.001,0.44034138321876526,0.001
350,350,I figure they felt the room was so small we could change the channel from our bed.,i figure they felt the room was so small we could change the channel from our bed,0.001,0.5336561799049377,0.001
351,351,The room was exceedingly small.,the room was exceedingly small,0.29102152585983276,0.54246985912323,0.001
352,352,The bed was in an awkward position that makes it impossible for the second person to get up without rolling on top of the first person or risk walking into the TV.,the bed was in an awkward position that makes it impossible for the second person to get up without rolling on top of the first person or risk walking into the tv,0.001,0.001,0.001
353,353,I never took my shoes off except to bathe.,i never took my shoes off except to bathe,0.001,0.001,0.001
354,354,Fortunately it was only 1 night.,fortunately it was only 1 night,0.001,0.001,0.001
355,355,Would absolutely never recommend it.,would absolutely never recommend it,0.001,0.001,0.001
356,356,We ended up with 4 people and 2 twin beds.,we ended up with 4 people and 2 twin beds,0.001,0.4337080419063568,0.001
357,357,"The hotel had my reservation under my email so around 11:30pm, the hotel decided they needed to dispatch security who was beating on my door demanding my name and refused to show any ID.","the hotel had my reservation under my email so around 11:30pm, the hotel decided they needed to dispatch security who was beating on my door demanding my name and refused to show any id",0.4673927426338196,0.001,0.001
358,358,They later called up until 1am for my credit card info again.,they later called up until 1am for my credit card info again,0.001,0.001,0.001
359,359,Room was ridiculously small.,room was ridiculously small,0.29153215885162354,0.5420774221420288,0.001
360,360,To top it all off I was not refunded any money paid for the deluxe room .,to top it all off i was not refunded any money paid for the deluxe room ,0.001,0.001,0.001
361,361,"Over priced, hidden fees, small rooms, mediocre staff.","over priced, hidden fees, small rooms, mediocre staff",0.2708093822002411,0.3956339955329895,0.001
362,362,"the rooms look as though they were cut in half, 4 elevators were not working had to wait over 20mins to get on an elevator, also were not able to check in until 4:00pm and were asked to check out at 12:00pm losing approximately 4hrs.","the rooms look as though they were cut in half, 4 elevators were not working had to wait over 20mins to get on an elevator, also were not able to check in until 4:00pm and were asked to check out at 12:00pm losing approximately 4hrs",0.001,0.001,0.001
363,363,"Bad experience Groupon according to the hotel over sold there allotted block of rooms causing my room to be downgraded and me and my fiancé having to sleep in separate twin beds, I paid for a deluxe room with a city view and what I received was a room in the back of nowhere with 2 twin beds ruined our weekend","bad experience groupon according to the hotel over sold there allotted block of rooms causing my room to be downgraded and me and my fiancé having to sleep in separate twin beds, i paid for a deluxe room with a city view and what i received was a room in the back of nowhere with 2 twin beds ruined our weekend",0.001,0.34918078780174255,0.001
364,364,i actually love the hotel ,i actually love the hotel,0.001,0.001,0.001
365,365, on this trip we got there and were told they were booked and i couldnt stay there meanwhile i made these reservation over three months ago.,on this trip we got there and were told they were booked and i couldnt stay there meanwhile i made these reservation over three months ago,0.001,0.001,0.001
366,366,When I arrived at the hotel after parking my vehicle the hotel informed me that they were overbooked and I did not have a room there.,when i arrived at the hotel after parking my vehicle the hotel informed me that they were overbooked and i did not have a room there,0.001,0.001,0.27417898178100586
367,367,They informed me I was being relocated to the Stewart Hotel.,they informed me i was being relocated to the stewart hotel,0.001,0.3889755606651306,0.001
368,368,"This hotel was 10 block away, I had to walk with my luggage to the new location.","this hotel was 10 block away, i had to walk with my luggage to the new location",0.001,0.001,0.6401448845863342
369,369,While the Stewart Hotel was nice this was not in the area I wanted to stay.,while the stewart hotel was nice this was not in the area i wanted to stay,0.001,0.001,0.001
370,370,I would not have booked this trip if I knew I was being relocated to a different hotel.,i would not have booked this trip if i knew i was being relocated to a different hotel,0.001,0.001,0.001
371,371,"ROW NYC also should have informed me prior to my arrival that they were over booked, they also offered nothing for this inconvenience.","row nyc also should have informed me prior to my arrival that they were over booked, they also offered nothing for this inconvenience",0.001,0.001,0.001
372,372,I'd love to be able to review this ,i'd love to be able to review this,0.001,0.001,0.001
373,373,"After a 6 hr flight to get here, we were sent packing to another hotel.","after a 6 hr flight to get here, we were sent packing to another hotel",0.001,0.001,0.001
374,374,Our friends did stay her (which split up our party).,our friends did stay her (which split up our party),0.001,0.001,0.001
375,375,It was one of the worst days of my entire life never have I felt so comfortable in the lobby know for over two hours everything was out-of-control they gave me a double bed instead of a queen size bed everything is well no one could follow instructions,it was one of the worst days of my entire life never have i felt so comfortable in the lobby know for over two hours everything was out-of-control they gave me a double bed instead of a queen size bed everything is well no one could follow instructions,0.001,0.3715616464614868,0.001
376,376,It was the worst day of my entire life never ever what I ask anyone or tell anybody over for anybody to this hotel they had me in the hallway for over two hours,it was the worst day of my entire life never ever what i ask anyone or tell anybody over for anybody to this hotel they had me in the hallway for over two hours,0.001,0.001,0.001
377,377,It was very dirty and poorly maintained.,it was very dirty and poorly maintained,0.001,0.792162299156189,0.001
378,378,There was dry paint all over the room.,there was dry paint all over the room,0.001,0.5422033071517944,0.001
379,379,The corners of the room were not clean and the bathroom window had mold all over it.,the corners of the room were not clean and the bathroom window had mold all over it,0.001,0.6446400880813599,0.001
380,380,Also the common areas weren't that great either.,also the common areas weren't that great either,0.001,0.001,0.001
381,381,Rude staff To hot in room no control over heat,rude staff to hot in room no control over heat,0.001,0.5279027819633484,0.001
382,382,I paid for a queen and received a full and group on says too bad.,i paid for a queen and received a full and group on says too bad,0.001,0.001,0.001
383,383,BEWARE AND USE PRICELINE.,beware and use priceline,0.001,0.001,0.001
384,384,We were very disappointed with both the service & the room here.,we were very disappointed with both the service & the room here,0.001,0.29132208228111267,0.001
385,385,"We arrived early, at 9 am, so the receptionist told us that we would receive an email when our room was ready.","we arrived early, at 9 am, so the receptionist told us that we would receive an email when our room was ready",0.001,0.001,0.001
386,386,"After finally getting into our room, it was nothing as described, dirty, moldy and much smaller than it appeared in pictures.","after finally getting into our room, it was nothing as described, dirty, moldy and much smaller than it appeared in pictures",0.001,0.5039585828781128,0.001
387,387,"Room was very small, not overly clean,outdated and loud","room was very small, not overly clean,outdated and loud",0.001,0.38918226957321167,0.001
388,388,Very busy lobby Room could use some dusting Small room Good location & nice little food court next to it,very busy lobby room could use some dusting small room good location & nice little food court next to it,0.001,0.2994990050792694,0.3008219599723816
389,389,The only advantage of this hotel is the location..,the only advantage of this hotel is the location,0.001,0.001,0.5408043265342712
390,390,"The room was small, dirty and the so called city view was just not existed!!","the room was small, dirty and the so called city view was just not existed!",0.001,0.5707120299339294,0.001
391,391,"Furthermore, the window didn't close how it should be so it was very loud during the whole night!","furthermore, the window didn't close how it should be so it was very loud during the whole night!",0.001,0.001,0.001
392,392,I was convinced by my friend who I was traveling with to book this place and I ended up regretting it.,i was convinced by my friend who i was traveling with to book this place and i ended up regretting it,0.001,0.001,0.001
393,393,I recommend booking a room further out from Times Square.,i recommend booking a room further out from times square,0.001,0.001,0.001
394,394,Found roaches in the room.,found roaches in the room,0.001,0.001,0.001
395,395,Much better places to stay around Times Square at the same price or better.,much better places to stay around times square at the same price or better,0.001,0.001,0.001
396,396,Tiny overpriced room,tiny overpriced room,0.001,0.001,0.001
397,397,It was hot and musty in the hallways,it was hot and musty in the hallways,0.001,0.001,0.001
