,Unnamed: 0,Unnamed: 0.1,org_sent,processed_sent,service,room,loc,prob_service,prob_room,prob_loc,pred_service,pred_room,pred_loc
0,0,0,"Close to amenities, shops, transit, and tomes Square.","close to amenities, shops, transit, and tomes square",0.001,0.001,0.4341811239719391,0.63702965,0.8731245,0.91496736,0.001,0.001,0.4341811239719391
1,1,1,Everything was great.,everything was great,0.001,0.001,0.001,0.8659847,0.89842474,0.91233045,0.001,0.001,0.001
2,2,2,They even let us check in an hour early.,they even let us check in an hour early,0.001,0.001,0.001,0.48443404,0.5941137,0.7547623,0.0,0.0,0.0
3,3,3, staff was very rude...especially security,staff was very rudeespecially security,0.6332249641418457,0.001,0.001,0.80012906,0.6633416,0.8148329,0.6332249641418457,0.001,0.001
4,4,4,"Great location, surroundings (inside and outside) and service at a good value.","great location, surroundings (inside and outside) and service at a good value",0.001,0.001,0.3669024407863617,0.9055195,0.9121903,0.9236742,0.001,0.001,0.3669024407863617
5,5,5,The location is absolutely perfect,the location is absolutely perfect,0.001,0.001,0.001,0.9851613,0.9887214,0.95602715,0.001,0.001,0.001
6,6,6,Never will stay again also that still haven't refunded my deposit,never will stay again also that still haven't refunded my deposit,0.001,0.001,0.001,0.55209523,0.7554102,0.81909645,0.001,0.001,0.001
7,7,7,This hotel was an amazing find for our nyc trip.,this hotel was an amazing find for our nyc trip,0.001,0.001,0.001,0.98749495,0.98336995,0.9617311,0.001,0.001,0.001
8,8,8,Really swanky and insanely convenient to get anywhere in the city.,really swanky and insanely convenient to get anywhere in the city,0.001,0.001,0.7168886065483093,0.9461713,0.95082176,0.9267457,0.001,0.001,0.7168886065483093
9,9,9,Yes the rooms are a bit small ,yes the rooms are a bit small,0.001,0.7064188718795776,0.001,0.87257934,0.8646633,0.88299,0.001,0.7064188718795776,0.001
10,10,10, you’re in nyc so it’s to be expected and It most certainly did not take away from the amazing experience!,you’re in nyc so it’s to be expected and it most certainly did not take away from the amazing experience!,0.001,0.001,0.2649914026260376,0.95873225,0.9782348,0.96541977,0.001,0.001,0.2649914026260376
11,11,11,Totally worth it.,totally worth it,0.001,0.001,0.001,0.71475893,0.8207762,0.8906063,0.001,0.001,0.001
12,12,12,Would definitely stay here again.,would definitely stay here again,0.001,0.001,0.001,0.98483133,0.98129106,0.9757166,0.001,0.001,0.001
13,13,13," very small and kind of cramped for two, especially when you consider it cost us over $350 for one night.","very small and kind of cramped for two, especially when you consider it cost us over $350 for one night",0.001,0.2687868773937225,0.001,0.7243032,0.83014274,0.8639998,0.001,0.2687868773937225,0.001
14,14,14,"The lobby was really nice and spacious, though.","the lobby was really nice and spacious, though",0.001,0.8605532050132751,0.001,0.8325089,0.9291271,0.91154593,0.001,0.8605532050132751,0.001
15,15,15,There were not any room service options.,there were not any room service options,0.001,0.001,0.001,0.7564292,0.617107,0.767414,0.001,0.001,0.001
16,16,16,"Wifi was decent, and room amenities were basic.","wifi was decent, and room amenities were basic",0.001,0.6335153579711914,0.001,0.8256531,0.84864426,0.88025475,0.001,0.6335153579711914,0.001
17,17,17,The customer service was amazing.,the customer service was amazing,0.7907230257987976,0.001,0.001,0.23609048,0.15939361,0.33112139,0.0,0.0,0.0
18,18,18,Reina (hotel associate) was kind and very helpful.,reina (hotel associate) was kind and very helpful,0.6156980395317078,0.001,0.001,0.7715204,0.837723,0.8790133,0.6156980395317078,0.001,0.001
19,19,19,I'll definitely be recommending this place.,i'll definitely be recommending this place,0.001,0.001,0.001,0.95056164,0.97602856,0.97340965,0.001,0.001,0.001
20,20,20,The hotel itself was nice and clean and had a great view of the city.,the hotel itself was nice and clean and had a great view of the city,0.001,0.4678727984428406,0.001,0.95611537,0.9694768,0.9320787,0.001,0.4678727984428406,0.001
21,21,21,It was the perfect location.,it was the perfect location,0.001,0.001,0.7227305173873901,0.9858286,0.98692775,0.9725055,0.001,0.001,0.7227305173873901
22,22,22,Room was clean and inviting.,room was clean and inviting,0.29159414768218994,0.5420299768447876,0.001,0.9141421,0.85725963,0.9022317,0.29159414768218994,0.5420299768447876,0.001
23,23,23,Great location near Times Square!,great location near times square!,0.001,0.001,0.7911388874053955,0.89725554,0.9108802,0.8839526,0.001,0.001,0.7911388874053955
24,24,24,Theater and great food options in proximity.,theater and great food options in proximity,0.001,0.001,0.4808748960494995,0.95412576,0.96972156,0.9515159,0.001,0.001,0.4808748960494995
25,25,25,"Firm mattress, clean room great location","firm mattress, clean room great location",0.001,0.5345054268836975,0.2273869067430496,0.9320131,0.9612987,0.91010404,0.001,0.5345054268836975,0.2273869067430496
26,26,26,One full bed convenient regarding city locale,one full bed convenient regarding city locale,0.001,0.001,0.2645454108715057,0.9407594,0.9607675,0.9268625,0.001,0.001,0.2645454108715057
27,27,27," really Comfortable, I loveee the view and the Staff Attentions , Honestly Row NYC Its the #1 in my hotels booking","really comfortable, i loveee the view and the staff attentions , honestly row nyc its the #1 in my hotels booking",0.001,0.31713980436325073,0.001,0.8684067,0.8631631,0.9260341,0.001,0.31713980436325073,0.001
28,28,28,Great location.,great location,0.001,0.001,0.7220231294631958,0.8659847,0.89842474,0.91233045,0.001,0.001,0.7220231294631958
29,29,29,Easy check in and good price,easy check in and good price,0.001,0.001,0.26294383406639105,0.85130024,0.9282402,0.911371,0.001,0.001,0.26294383406639105
30,30,30,Ok. hotels should provide coffee in every room ROWNYC has none and charge $4.00 for a cup downstairs in the bar.,ok hotels should provide coffee in every room rownyc has none and charge $400 for a cup downstairs in the bar,0.001,0.001,0.001,0.34856853,0.84548926,0.80505735,0.0,0.0,0.0
31,31,31,The Row NYC is our new favorite New York hotel.,the row nyc is our new favorite new york hotel,0.001,0.001,0.001,0.97055614,0.9824953,0.9732594,0.001,0.001,0.001
32,32,32,"The staff is great, it was clean, in a great location, and comfortable.","the staff is great, it was clean, in a great location, and comfortable",0.001,0.3230423927307129,0.001,0.98846424,0.9750314,0.9645652,0.001,0.3230423927307129,0.001
33,33,33,Great price for the location to Times Square!,great price for the location to times square!,0.001,0.001,0.4721052348613739,0.6733941,0.9121683,0.8918195,0.001,0.001,0.4721052348613739
34,34,34,I did want to clarify our previous rating.,i did want to clarify our previous rating,0.001,0.001,0.001,0.39171758,0.78776515,0.83139056,0.0,0.0,0.0
35,35,35,The bed was perfectly comfortable.,the bed was perfectly comfortable,0.001,0.5420551896095276,0.2913457751274109,0.9054096,0.92345774,0.91269183,0.001,0.5420551896095276,0.2913457751274109
36,36,36,The cleanliness of the room was mediocre at best.,the cleanliness of the room was mediocre at best,0.001,0.4702481925487518,0.001,0.0999994,0.35986435,0.53386945,0.0,0.0,0.0
37,37,37,"The bathroom was dirty, mold in the caulk, hair on the floor from the previous guests.","the bathroom was dirty, mold in the caulk, hair on the floor from the previous guests",0.001,0.4625195562839508,0.001,0.10590944,0.46824285,0.5460145,0.0,0.0,0.0
38,38,38,We had to take face cloths from the housekeeping carts because we were never provided anything ,we had to take face cloths from the housekeeping carts because we were never provided anything,0.001,0.3751553297042847,0.001,0.22526887,0.40557525,0.6039487,0.0,0.0,0.0
39,39,39, hand towels and bath towels.,hand towels and bath towels,0.001,0.8334761261940002,0.001,0.8324811,0.8577,0.8584889,0.001,0.8334761261940002,0.001
40,40,40,Popcorn paint bubbling up and practically falling due to the fact there was no blower fan in the bathroom.,popcorn paint bubbling up and practically falling due to the fact there was no blower fan in the bathroom,0.001,0.291801780462265,0.001,0.33060426,0.6175914,0.69042504,0.0,0.0,0.0
41,41,41, never replenished throughout our 4 day stay.,never replenished throughout our 4 day stay,0.001,0.2832018435001373,0.001,0.46379933,0.87447125,0.8724158,0.0,0.0,0.0
42,42,42,One nice thing is we were provided disposable water bottles to take with us as we were vacationing on the hottest weekend of the summer.,one nice thing is we were provided disposable water bottles to take with us as we were vacationing on the hottest weekend of the summer,0.001,0.32918503880500793,0.001,0.7686951,0.9237992,0.9092879,0.001,0.32918503880500793,0.001
43,43,43,The location of the hotel itself in the theater district was perfect!,the location of the hotel itself in the theater district was perfect!,0.001,0.001,0.8608151078224182,0.94166815,0.954054,0.9194772,0.001,0.001,0.8608151078224182
44,44,44,I would stay there again if they did a little updating of the rooms and improved cleanliness.,i would stay there again if they did a little updating of the rooms and improved cleanliness,0.001,0.4859753251075745,0.001,0.615692,0.7372484,0.8427183,0.001,0.4859753251075745,0.001
45,45,45,The hotel was clean and the staff were pleasant to work with.,the hotel was clean and the staff were pleasant to work with,0.6700617671012878,0.001,0.001,0.9613124,0.9540812,0.95964384,0.6700617671012878,0.001,0.001
46,46,46,The location was great.,the location was great,0.001,0.001,0.7220559120178223,0.8871993,0.9239369,0.90249693,0.001,0.001,0.7220559120178223
47,47,47,"The only issue we had was the cost of staying there, ","the only issue we had was the cost of staying there,",0.001,0.001,0.001,0.6112882,0.89857787,0.8718748,0.001,0.001,0.001
48,48,48,The location was fabulous; the desk & concierge staff were very attentive & helpful; the window shades darkened the room significantly; there was a room safe.,the location was fabulous; the desk & concierge staff were very attentive & helpful; the window shades darkened the room significantly; there was a room safe,0.32665079832077026,0.4819613099098206,0.001,0.9328997,0.96608925,0.9478017,0.32665079832077026,0.4819613099098206,0.001
49,49,49,"On the other hand, the room was very small; the electrical outlet in the bathroom was on the opposite wall as the shelf, making plugging in an electric toothbrush/ razor impossible; there was a lot of dust on the chair rail in the bathroom.","on the other hand, the room was very small; the electrical outlet in the bathroom was on the opposite wall as the shelf, making plugging in an electric toothbrush/ razor impossible; there was a lot of dust on the chair rail in the bathroom",0.001,0.4083903133869171,0.001,0.2514779,0.60649663,0.72772944,0.0,0.0,0.0
50,50,50,"Nice hotel, I was pleased","nice hotel, i was pleased",0.001,0.001,0.001,0.9632367,0.9672035,0.9659898,0.001,0.001,0.001
51,51,51,Hate sharing a bed with anyone.,hate sharing a bed with anyone,0.001,0.2641589045524597,0.001,0.821423,0.833598,0.8816571,0.001,0.2641589045524597,0.001
52,52,52,I upgraded to two full beds.,i upgraded to two full beds,0.001,0.8337337374687195,0.001,0.69362164,0.86381656,0.86277086,0.001,0.8337337374687195,0.001
53,53,53,Room was very spacious for New York!,room was very spacious for new york!,0.001,0.7221250534057617,0.001,0.9520669,0.9760542,0.94802904,0.001,0.7221250534057617,0.001
54,54,54,"HOWEVER, guest services was trash.","however, guest services was trash",0.43201029300689703,0.001,0.001,0.75998175,0.8141074,0.85339296,0.43201029300689703,0.001,0.001
55,55,55,It was impossible to get new towels and our trash taken out.,it was impossible to get new towels and our trash taken out,0.001,0.001,0.001,0.29775974,0.56750095,0.7032925,0.0,0.0,0.0
56,56,56,Had to call multiple times and got greeted with one word answers and awkward hang ups.. And I called about a foul smell in the bathroom and no one responded or came to check on it.,had to call multiple times and got greeted with one word answers and awkward hang ups and i called about a foul smell in the bathroom and no one responded or came to check on it,0.001,0.001,0.001,0.17299709,0.34449083,0.29438952,0.0,0.0,0.0
57,57,57,Clean sheets.,clean sheets,0.001,0.7230448126792908,0.001,0.8659847,0.89842474,0.91233045,0.001,0.7230448126792908,0.001
58,58,58,The hotel is what you would expect from any busy place near Times Square.,the hotel is what you would expect from any busy place near times square,0.001,0.001,0.3809319734573364,0.6212996,0.877205,0.85747266,0.001,0.001,0.3809319734573364
59,59,59,"It was smelly, congested, and not very clean.","it was smelly, congested, and not very clean",0.001,0.2934663891792297,0.001,0.8659847,0.89842474,0.91233045,0.001,0.2934663891792297,0.001
60,60,60,"The only saving grace, was that our room was cool and the beds were comfortable.","the only saving grace, was that our room was cool and the beds were comfortable",0.001,0.7383396625518799,0.001,0.86353964,0.9382068,0.9247906,0.001,0.7383396625518799,0.001
61,61,61,Definitely not the cleanest.,definitely not the cleanest,0.001,0.2933156788349152,0.001,0.8659847,0.89842474,0.91233045,0.001,0.2933156788349152,0.001
62,62,62,Great hotel and location.,great hotel and location,0.001,0.001,0.7911862730979919,0.8995341,0.91170466,0.9276611,0.001,0.001,0.7911862730979919
63,63,63,Cheap price from Groupon.,cheap price from groupon,0.001,0.001,0.001,0.80451596,0.9181658,0.8934108,0.001,0.001,0.001
64,64,64,Cheap price from Groupon,cheap price from groupon,0.001,0.001,0.001,0.80451596,0.9181658,0.8934108,0.001,0.001,0.001
65,65,65,"The location was great, the accommodations were different and fun, and we had a wonderful time.","the location was great, the accommodations were different and fun, and we had a wonderful time",0.001,0.001,0.001,0.94043744,0.9773844,0.9534447,0.001,0.001,0.001
66,66,66,Awesome check in and check out service.,awesome check in and check out service,0.6334189176559448,0.001,0.001,0.8038434,0.76391613,0.8913417,0.6334189176559448,0.001,0.001
67,67,67,Guest service personnel were warm and inviting.,guest service personnel were warm and inviting,0.6947712898254395,0.001,0.001,0.84759295,0.691815,0.8443076,0.6947712898254395,0.001,0.001
68,68,68,Awesome murals at the end of each hallway.,awesome murals at the end of each hallway,0.001,0.5310886502265929,0.001,0.8298373,0.88668823,0.8983816,0.001,0.5310886502265929,0.001
69,69,69,Great add a touch.,great add a touch,0.001,0.402783066034317,0.001,0.8454932,0.9346714,0.91107494,0.001,0.402783066034317,0.001
70,70,70,Our room was clean and efficient for need.,our room was clean and efficient for need,0.3390827476978302,0.5276752114295961,0.001,0.96780217,0.957755,0.94153976,0.3390827476978302,0.5276752114295961,0.001
71,71,71,We travel our main concern is cleanliness.,we travel our main concern is cleanliness,0.001,0.38630348443984985,0.001,0.84671533,0.8899542,0.9128258,0.001,0.38630348443984985,0.001
72,72,72,The Row definitely met that need.,the row definitely met that need,0.31999433040618896,0.001,0.001,0.9611827,0.9794042,0.9758717,0.31999433040618896,0.001,0.001
73,73,73,Would definitely stay again.,would definitely stay again,0.001,0.001,0.001,0.98483133,0.98129106,0.9757166,0.001,0.001,0.001
74,74,74,The absolute WORST hotel I've ever stayed at!,the absolute worst hotel i've ever stayed at!,0.001,0.001,0.001,0.97552013,0.9775841,0.9720466,0.001,0.001,0.001
75,75,75,"So bad I didnt stay the night, I was terrified.","so bad i didnt stay the night, i was terrified",0.001,0.001,0.001,0.038588375,0.2309649,0.46774855,0.0,0.0,0.0
76,76,76,"I thought someone was breaking in my room there was a sketchy connecting door, place is totally outdated, room look like it wld have bed bugs, the ""guests"" look like they live there like a shelter,they were walking barefoot,place smelled like 1000 cigarettes.It's called the row, should be called skid row!","i thought someone was breaking in my room there was a sketchy connecting door, place is totally outdated, room look like it wld have bed bugs, the ""guests"" look like they live there like a shelter,they were walking barefoot,place smelled like 1000 cigarettesit's called the row, should be called skid row!",0.001,0.001,0.001,0.24565837,0.59025735,0.5034042,0.0,0.0,0.0
77,77,77,We had two full size beds and it was so comfortable!,we had two full size beds and it was so comfortable!,0.001,0.860920786857605,0.001,0.8902956,0.94109976,0.90411097,0.001,0.860920786857605,0.001
78,78,78,I will say that the only hiccup is when you get on elevator.,i will say that the only hiccup is when you get on elevator,0.001,0.001,0.001,0.5422534,0.72925,0.82889396,0.001,0.001,0.001
79,79,79,So there sometimes is a little wait for that.,so there sometimes is a little wait for that,0.001,0.001,0.001,0.85283166,0.845918,0.86900413,0.001,0.001,0.001
80,80,80,Room was pretty clean.,room was pretty clean,0.001,0.7918073534965515,0.001,0.69046044,0.8384969,0.8896558,0.001,0.7918073534965515,0.001
81,81,81,Found a pair of shoes in the closest so appeared to not be a thorough cleaning.,found a pair of shoes in the closest so appeared to not be a thorough cleaning,0.001,0.001,0.001,0.6302928,0.71842074,0.8880898,0.001,0.001,0.001
82,82,82,Air conditioner was extremely loud when on.,air conditioner was extremely loud when on,0.001,0.633250892162323,0.001,0.20853144,0.37692276,0.51969355,0.0,0.0,0.0
83,83,83,Location was excellent though.,location was excellent though,0.001,0.001,0.3263598680496216,0.99105644,0.98738724,0.9754604,0.001,0.001,0.3263598680496216
84,84,84,I’d stay there again just lower expectations.,i’d stay there again just lower expectations,0.001,0.001,0.001,0.5291556,0.81687826,0.89768916,0.001,0.001,0.001
85,85,85,"The best things about the room is that it was spacious, clean, modern, deep and wide bathtub, and last, ","the best things about the room is that it was spacious, clean, modern, deep and wide bathtub, and last,",0.001,0.5462757349014282,0.001,0.69189125,0.8199389,0.8936807,0.001,0.5462757349014282,0.001
86,86,86,Hotel staff not polite,hotel staff not polite,0.5858375430107117,0.001,0.001,0.93746567,0.9558244,0.95767105,0.5858375430107117,0.001,0.001
87,87,87,"Groupon gave us a total price,however, upon checking in the hotel charged us a $39.00 facilities fee plus tax for the room totaling $43.00.","groupon gave us a total price,however, upon checking in the hotel charged us a $3900 facilities fee plus tax for the room totaling $4300",0.001,0.001,0.001,0.630098,0.6906245,0.78241,0.001,0.001,0.001
88,88,88,For that price added to the regular price of the room we could have stayed at a 5 star hotel such as Marriott or Hilton.,for that price added to the regular price of the room we could have stayed at a 5 star hotel such as marriott or hilton,0.001,0.001,0.001,0.67600536,0.81225085,0.8489399,0.001,0.001,0.001
89,89,89,--Comfortable beds.,--comfortable beds,0.001,0.5846416354179382,0.001,0.8659847,0.89842474,0.91233045,0.001,0.5846416354179382,0.001
90,90,90,--Good food court in the hotel.,--good food court in the hotel,0.001,0.001,0.4777656197547913,0.9030676,0.9367042,0.9126978,0.001,0.001,0.4777656197547913
91,91,91,"Not good: --When you check in they'll tell you that there's a ""mandatory"" $40 per night fee for the gym and internet and we didn't use either one.","not good: --when you check in they'll tell you that there's a ""mandatory"" $40 per night fee for the gym and internet and we didn't use either one",0.001,0.001,0.001,0.28710705,0.7082896,0.78799987,0.0,0.0,0.0
92,92,92,"--One evening a few of us were quietly relaxing in some comfortable chairs overlooking the bar and they made us move because ""it was time to close off that area"", which was ridiculous.","--one evening a few of us were quietly relaxing in some comfortable chairs overlooking the bar and they made us move because ""it was time to close off that area"", which was ridiculous",0.001,0.001,0.001,0.9540489,0.9706855,0.96785057,0.001,0.001,0.001
93,93,93,"My rsvp wasnt on their system when i got there, so they booked another reservation, ","my rsvp wasnt on their system when i got there, so they booked another reservation,",0.001,0.001,0.001,0.6463247,0.8168352,0.8253616,0.001,0.001,0.001
94,94,94,"So i paid double, and i was told i would get refunded ","so i paid double, and i was told i would get refunded",0.001,0.001,0.001,0.5196147,0.77984655,0.85254574,0.001,0.001,0.001
95,95,95, its been almost a month and still nothing!,its been almost a month and still nothing!,0.001,0.001,0.001,0.47853953,0.80727255,0.8524298,0.0,0.0,0.0
96,96,96,Oh and they put me in a standard room ,oh and they put me in a standard room,0.001,0.3507055640220642,0.001,0.6943592,0.7646965,0.80261445,0.001,0.3507055640220642,0.001
97,97,97,I love my room and the little view I had it was very nice..,i love my room and the little view i had it was very nice,0.001,0.86042720079422,0.001,0.971653,0.9823456,0.957201,0.001,0.86042720079422,0.001
98,98,98, umm that hallways just creeped me just a little and I'm taking on my friends page cause I felt it was too narrow to me ,umm that hallways just creeped me just a little and i'm taking on my friends page cause i felt it was too narrow to me,0.001,0.001,0.001,0.78912425,0.8086052,0.8405129,0.001,0.001,0.001
99,99,99,Random breakfast charge on my account.,random breakfast charge on my account,0.2713132202625275,0.001,0.001,0.535261,0.7662964,0.818269,0.2713132202625275,0.001,0.001
100,100,100,Fire alarm went off at 3am.,fire alarm went off at 3am,0.001,0.001,0.001,0.55457205,0.7201098,0.8398272,0.001,0.001,0.001
101,101,101,Security guards near elevators were rude.,security guards near elevators were rude,0.001,0.001,0.001,0.87714064,0.8984017,0.89157784,0.001,0.001,0.001
102,102,102,Kiosk security & receptionist were great!,kiosk security & receptionist were great!,0.001,0.001,0.001,0.6419776,0.5449239,0.7945524,0.001,0.001,0.001
103,103,103,"Bathroom wasnt clean , razors on floor , tub was dirty.","bathroom wasnt clean , razors on floor , tub was dirty",0.001,0.6522883176803589,0.001,0.92944443,0.95324516,0.8837211,0.001,0.6522883176803589,0.001
104,104,104,They have nice outside and amenities appeal ,they have nice outside and amenities appeal,0.001,0.4895558953285217,0.3768002092838288,0.81673425,0.9124188,0.8938789,0.001,0.4895558953285217,0.3768002092838288
105,105,105," need to take more pride in there rooms and cleanliness, if i wasnt here for just one day i would have left!","need to take more pride in there rooms and cleanliness, if i wasnt here for just one day i would have left!",0.001,0.001,0.001,0.7462085,0.75849986,0.8173077,0.001,0.001,0.001
106,106,106,"The location is great, very central, close to times square andall the touristy attractions.","the location is great, very central, close to times square andall the touristy attractions",0.001,0.001,0.5086542367935181,0.9086487,0.9413092,0.895387,0.001,0.001,0.5086542367935181
107,107,107,The rooms are extremely small.,the rooms are extremely small,0.001,0.7915585041046143,0.001,0.92460895,0.8906348,0.9510057,0.001,0.7915585041046143,0.001
108,108,108,The beds are comfortable and air-conditioned.,the beds are comfortable and air-conditioned,0.001,0.8336906433105469,0.001,0.9704662,0.9797947,0.95929456,0.001,0.8336906433105469,0.001
109,109,109,The bathroom is very small.,the bathroom is very small,0.001,0.7230518460273743,0.001,0.8002462,0.8858992,0.8620016,0.001,0.7230518460273743,0.001
110,110,110,"Be aware that the hotel charges $40 more per night when you check in, as their ""resort"" fee, for internet and ""business center"".","be aware that the hotel charges $40 more per night when you check in, as their ""resort"" fee, for internet and ""business center""",0.001,0.001,0.001,0.70684046,0.7875818,0.8658699,0.001,0.001,0.001
111,111,111,We do not recommend this hotel.,we do not recommend this hotel,0.001,0.001,0.001,0.79202354,0.9336939,0.9372018,0.001,0.001,0.001
112,112,112,For so many reasons.,for so many reasons,0.001,0.001,0.001,0.82581353,0.9078653,0.9094106,0.001,0.001,0.001
113,113,113,There isnt enough space to share details.,there isnt enough space to share details,0.001,0.5287154912948608,0.001,0.73783517,0.8785149,0.8639587,0.001,0.5287154912948608,0.001
114,114,114,"Cockroach, Fee charged to use the facilities (what?","cockroach, fee charged to use the facilities (what?",0.001,0.34039655327796936,0.001,0.7437832,0.9144,0.8871427,0.001,0.34039655327796936,0.001
115,115,115,"), poor communication between staff, Dirty room (bring sanitizing wipes if you choose to stay), reserved Fridge never came after promised.","), poor communication between staff, dirty room (bring sanitizing wipes if you choose to stay), reserved fridge never came after promised",0.001,0.001,0.001,0.011468887,0.13474461,0.2393736,0.0,0.0,0.0
116,116,116,Bellmen watched from lobby as we carried luggage in heavy downpours.,bellmen watched from lobby as we carried luggage in heavy downpours,0.001,0.001,0.001,0.8312967,0.79376197,0.8515843,0.001,0.001,0.001
117,117,117,The elevator system is ridiculous.,the elevator system is ridiculous,0.29196810722351074,0.001,0.001,0.85404235,0.88327384,0.88272965,0.29196810722351074,0.001,0.001
118,118,118,The room so small and bathroom had mold in the shower.,the room so small and bathroom had mold in the shower,0.001,0.6860783696174622,0.001,0.15257528,0.46916106,0.5266051,0.0,0.0,0.0
119,119,119,The security does nothing to help.,the security does nothing to help,0.29251593351364136,0.001,0.001,0.21257567,0.59258556,0.7703927,0.0,0.0,0.0
120,120,120,I got charged more money on check out,i got charged more money on check out,0.001,0.001,0.001,0.35978204,0.58543897,0.86588025,0.0,0.0,0.0
121,121,121,Small closet size rooms,small closet size rooms,0.001,0.833304226398468,0.001,0.8859031,0.91057235,0.8761281,0.001,0.833304226398468,0.001
122,122,122,Stayed in a small room w a king sized bed.,stayed in a small room w a king sized bed,0.001,0.5226773023605347,0.001,0.92882276,0.94511974,0.9035009,0.001,0.5226773023605347,0.001
123,123,123,The room was super hot all the time.,the room was super hot all the time,0.001,0.5461587309837341,0.001,0.9386636,0.9519944,0.9284522,0.001,0.5461587309837341,0.001
124,124,124,Night stand and closet were stained w some type of gel or liquid that wasn’t cleaned off.,night stand and closet were stained w some type of gel or liquid that wasn’t cleaned off,0.001,0.5617067813873291,0.001,0.28772342,0.5287935,0.6599879,0.0,0.0,0.0
125,125,125,Walls are super thin so you can hear pretty much everything.,walls are super thin so you can hear pretty much everything,0.001,0.5762215256690979,0.001,0.7397219,0.8836199,0.87729526,0.001,0.5762215256690979,0.001
126,126,126,Room didn’t come w a microwave or mini fridge.,room didn’t come w a microwave or mini fridge,0.001,0.46934390068054205,0.001,0.8870815,0.93781257,0.8897778,0.001,0.46934390068054205,0.001
127,127,127,Elevators constantly dirty.,elevators constantly dirty,0.001,0.2918397486209869,0.2917048931121826,0.802244,0.82351553,0.8985725,0.001,0.2918397486209869,0.2917048931121826
128,128,128,"Room smelled musty, found hair in tub, rusty hole on bathroom door frame.","room smelled musty, found hair in tub, rusty hole on bathroom door frame",0.001,0.2785394787788391,0.001,0.11707875,0.39494276,0.47055823,0.0,0.0,0.0
129,129,129,No phones in room or refrigerators.,no phones in room or refrigerators,0.001,0.5113492012023926,0.001,0.8256531,0.84864426,0.88025475,0.001,0.5113492012023926,0.001
130,130,130, no type of air freshner used.,no type of air freshner used,0.001,0.6320284605026245,0.001,0.7535132,0.74738705,0.85141045,0.001,0.6320284605026245,0.001
131,131,131,The best thing was the City Kitchen and candy shop restaurants at the hotel.,the best thing was the city kitchen and candy shop restaurants at the hotel,0.001,0.001,0.3425863087177277,0.7916384,0.8936277,0.90313613,0.001,0.001,0.3425863087177277
132,132,132, the fire alarm went off for no reason and I waited over 30 minutes for security to come turn it off.,the fire alarm went off for no reason and i waited over 30 minutes for security to come turn it off,0.001,0.001,0.001,0.26615578,0.6094806,0.7029561,0.0,0.0,0.0
133,133,133,Then I was charged a $34 fee for no apparent reason defeating the point of the Groupon deal.,then i was charged a $34 fee for no apparent reason defeating the point of the groupon deal,0.001,0.001,0.001,0.3805431,0.7608229,0.812883,0.0,0.0,0.0
134,134,134,Conveniently located.,conveniently located,0.001,0.001,0.7231726050376892,0.8659847,0.89842474,0.91233045,0.001,0.001,0.7231726050376892
135,135,135,"Friendly, courteous, helpful staff.","friendly, courteous, helpful staff",0.6338668465614319,0.001,0.001,0.9855162,0.9741541,0.96175706,0.6338668465614319,0.001,0.001
136,136,136,Actually had a woman who was vacuuming help us with the computers when we were struggling to print our airline boarding passes.,actually had a woman who was vacuuming help us with the computers when we were struggling to print our airline boarding passes,0.5099457502365112,0.001,0.001,0.87130105,0.8796371,0.923894,0.5099457502365112,0.001,0.001
137,137,137,She saw us trying to figure it out and turned off the vacuum and came and helped us out.,she saw us trying to figure it out and turned off the vacuum and came and helped us out,0.001,0.001,0.001,0.25269663,0.5827404,0.62802964,0.0,0.0,0.0
138,138,138,It was around 8 a.m. on Oct 31st.,it was around 8 am on oct 31st,0.001,0.001,0.001,0.85657215,0.8631483,0.9107909,0.001,0.001,0.001
139,139,139,Comfortable beds.,comfortable beds,0.001,0.7230521440505981,0.001,0.8659847,0.89842474,0.91233045,0.001,0.7230521440505981,0.001
140,140,140,"Clean room, comfortable beds, quiet room, and we were on the street side.","clean room, comfortable beds, quiet room, and we were on the street side",0.001,0.7781568765640259,0.001,0.94412434,0.9578979,0.9334145,0.001,0.7781568765640259,0.001
141,141,141,"Location, location, location !!!","location, location, location !!",0.001,0.001,0.7915127277374268,0.8871993,0.9239369,0.90249693,0.001,0.001,0.7915127277374268
142,142,142,A very busy hotel when we were there and we were still happy with our stay.,a very busy hotel when we were there and we were still happy with our stay,0.001,0.001,0.001,0.8525637,0.9586796,0.9347761,0.001,0.001,0.001
143,143,143,Hotel was great.,hotel was great,0.001,0.001,0.001,0.8659847,0.89842474,0.91233045,0.001,0.001,0.001
144,144,144,Room was clean all we needed.,room was clean all we needed,0.001,0.7914307713508606,0.001,0.9141421,0.85725963,0.9022317,0.001,0.7914307713508606,0.001
145,145,145,I mean really liked it.,i mean really liked it,0.001,0.001,0.001,0.7150291,0.8603519,0.88010705,0.001,0.001,0.001
146,146,146,Great for location.,great for location,0.001,0.001,0.7220558524131775,0.8659847,0.89842474,0.91233045,0.001,0.001,0.7220558524131775
147,147,147,A few minutes away from Time Square and the Bagel shop you must try: search for Pick a Bagel.,a few minutes away from time square and the bagel shop you must try: search for pick a bagel,0.001,0.001,0.3696377277374268,0.9258752,0.9445832,0.91585344,0.001,0.001,0.3696377277374268
148,148,148,It was our first time in New York and we drove there.,it was our first time in new york and we drove there,0.001,0.001,0.001,0.9173989,0.89973474,0.9079348,0.001,0.001,0.001
149,149,149,"There's a car park around the corner and because we stayed at the hotel, we got $20 off the 2 night parking.","there's a car park around the corner and because we stayed at the hotel, we got $20 off the 2 night parking",0.001,0.001,0.579545259475708,0.94690627,0.93426025,0.9152707,0.001,0.001,0.579545259475708
150,150,150,"Modern, clean, cocktail lounge, food court in lobby, great stadium seating in those areas for people watching in the lobby and outside the windows.","modern, clean, cocktail lounge, food court in lobby, great stadium seating in those areas for people watching in the lobby and outside the windows",0.001,0.4202100932598114,0.20897582173347476,0.94984066,0.926537,0.9543578,0.001,0.4202100932598114,0.20897582173347476
151,151,151,Rooms were nice and clean.,rooms were nice and clean,0.001,0.7919674515724182,0.001,0.84070873,0.94848204,0.924935,0.001,0.7919674515724182,0.001
152,152,152,The bed was comfortable and the view of the city from our room was beautiful.,the bed was comfortable and the view of the city from our room was beautiful,0.001,0.8808413743972778,0.001,0.9467638,0.9706406,0.93329525,0.001,0.8808413743972778,0.001
153,153,153, we stayed for only one night so it was just enough space for us.,we stayed for only one night so it was just enough space for us,0.001,0.29112935066223145,0.001,0.893686,0.9089159,0.88220596,0.001,0.29112935066223145,0.001
154,154,154,"Friendly staff,food court.","friendly staff,food court",0.4337738752365112,0.001,0.23313891887664795,0.8659847,0.89842474,0.91233045,0.4337738752365112,0.001,0.23313891887664795
155,155,155,"Convenient location, very helpful staff, and the elevator system was new to me ","convenient location, very helpful staff, and the elevator system was new to me",0.3770217895507813,0.001,0.2937377691268921,0.9763068,0.9570421,0.94903064,0.3770217895507813,0.001,0.2937377691268921
156,156,156,Rooms were very clean.,rooms were very clean,0.001,0.7229593396186829,0.001,0.8659847,0.89842474,0.91233045,0.001,0.7229593396186829,0.001
157,157,157,The location was great and the staff was great.,the location was great and the staff was great,0.001,0.001,0.6327956914901733,0.9800505,0.97436076,0.95013064,0.001,0.001,0.6327956914901733
158,158,158,Check in and check out (by phone) was super easy.,check in and check out (by phone) was super easy,0.3466452658176422,0.001,0.001,0.95546013,0.9701394,0.949147,0.3466452658176422,0.001,0.001
159,159,159,"It was clean, no bed bugs, awesome location, and auper accommodating staff.","it was clean, no bed bugs, awesome location, and auper accommodating staff",0.001,0.4937276840209961,0.001,0.98585856,0.9860685,0.96719,0.001,0.4937276840209961,0.001
160,160,160,Clean rooms.,clean rooms,0.001,0.7229586839675903,0.001,0.8659847,0.89842474,0.91233045,0.001,0.7229586839675903,0.001
161,161,161,Great location.,great location,0.001,0.001,0.7220808267593384,0.8659847,0.89842474,0.91233045,0.001,0.001,0.7220808267593384
162,162,162,Terrible staff and room.,terrible staff and room,0.2919434309005737,0.2913956046104431,0.001,0.8909399,0.80402803,0.8830503,0.2919434309005737,0.2913956046104431,0.001
163,163,163,Our room had black mold as a result of prolonged leak from some room upstairs.,our room had black mold as a result of prolonged leak from some room upstairs,0.001,0.001,0.001,0.082322925,0.34136128,0.39223394,0.0,0.0,0.0
164,164,164,Staff didn't care and was less than sympathetic.,staff didn't care and was less than sympathetic,0.5308563113212585,0.001,0.001,0.47232676,0.5941437,0.8002614,0.0,0.0,0.0
165,165,165,I would never go back and would never recommend this hotel to anyone.,i would never go back and would never recommend this hotel to anyone,0.001,0.001,0.001,0.022720695,0.1994181,0.37436587,0.0,0.0,0.0
166,166,166,I enjoyed the whole Row experience.,i enjoyed the whole row experience,0.001,0.001,0.001,0.7108537,0.80720055,0.89303654,0.001,0.001,0.001
167,167,167,Our room was just right.....spotless and tranquil.,our room was just rightspotless and tranquil,0.001,0.4342008829116821,0.2337547689676285,0.8256531,0.84864426,0.88025475,0.001,0.4342008829116821,0.2337547689676285
168,168,168,"Loved the City Market...complimentary breakfast, the location, friendliness of their staff.","loved the city marketcomplimentary breakfast, the location, friendliness of their staff",0.3096511662006378,0.001,0.001,0.9843161,0.9776866,0.9667671,0.3096511662006378,0.001,0.001
169,169,169,Good view of city and was upgraded to a better room.,good view of city and was upgraded to a better room,0.001,0.6579611897468567,0.001,0.6799891,0.9065632,0.91589564,0.001,0.6579611897468567,0.001
170,170,170,Wonderful stay.,wonderful stay,0.001,0.001,0.001,0.8659847,0.89842474,0.91233045,0.001,0.001,0.001
171,171,171,"Pleasant staff, nice and simple (","pleasant staff, nice and simple (",0.8328680396080017,0.001,0.001,0.89798236,0.9565637,0.9298079,0.8328680396080017,0.001,0.001
172,172,172, trendy) hotel - right in the heart of it all.,trendy) hotel - right in the heart of it all,0.001,0.001,0.6040183901786804,0.9591561,0.9734638,0.9378753,0.001,0.001,0.6040183901786804
173,173,173,The front desk host was very professional and helpful.,the front desk host was very professional and helpful,0.6953005194664001,0.001,0.001,0.9704168,0.96895444,0.9616636,0.6953005194664001,0.001,0.001
174,174,174,Very clean and an awesome experience.,very clean and an awesome experience,0.001,0.3589373230934143,0.001,0.9823626,0.9698803,0.9473144,0.001,0.3589373230934143,0.001
175,175,175,Clean reasonable food and deink,clean reasonable food and deink,0.001,0.35675743222236633,0.2265519350767136,0.88327104,0.9399942,0.9320891,0.001,0.35675743222236633,0.2265519350767136
176,176,176,"Great location, nice room and lobby with good food","great location, nice room and lobby with good food",0.001,0.28327593207359314,0.001,0.8316264,0.9350821,0.9304067,0.001,0.28327593207359314,0.001
177,177,177,"Customer service where very rude , the rooms where dirty and the view really sucks theres only 1 windows in the rooms so u can barely see anything wasted my money here","customer service where very rude , the rooms where dirty and the view really sucks theres only 1 windows in the rooms so u can barely see anything wasted my money here",0.001,0.3534214794635773,0.001,0.010593921,0.07288483,0.16128033,0.0,0.0,0.0
178,178,178,"Disappointing in many ways: -Room is ""pre-war"" - not renovated like the lobby.","disappointing in many ways: -room is ""pre-war"" - not renovated like the lobby",0.001,0.001,0.001,0.73755294,0.8535762,0.8570533,0.001,0.001,0.001
179,179,179,-Bathroom is extremely small; I could barely fit in the space.,-bathroom is extremely small; i could barely fit in the space,0.31891757249832153,0.3459078073501587,0.001,0.5224749,0.5226822,0.7965619,0.31891757249832153,0.3459078073501587,0.001
180,180,180,-The mandatory $30/night hotel facility fee is a rip-off.,-the mandatory $30/night hotel facility fee is a rip-off,0.4571746587753296,0.001,0.001,0.6665628,0.85341823,0.837331,0.4571746587753296,0.001,0.001
181,181,181,It's just an excuse to ask for more money.,it's just an excuse to ask for more money,0.001,0.001,0.001,0.25342965,0.40137857,0.64918596,0.0,0.0,0.0
182,182,182,There were a series of unfortunate events such as not having a phone in our room and having the wrong dates booked for our stay.,there were a series of unfortunate events such as not having a phone in our room and having the wrong dates booked for our stay,0.001,0.001,0.001,0.25469577,0.42156148,0.64195824,0.0,0.0,0.0
183,183,183,Would not return.,would not return,0.001,0.001,0.001,0.8659847,0.89842474,0.91233045,0.001,0.001,0.001
184,184,184,We had one full size bed.,we had one full size bed,0.001,0.8327679634094238,0.001,0.8075607,0.88419664,0.8573749,0.001,0.8327679634094238,0.001
185,185,185,The bathroom was tiny and felt dirty.,the bathroom was tiny and felt dirty,0.001,0.5814974308013916,0.001,0.33127043,0.6017989,0.7754144,0.0,0.0,0.0
186,186,186,There was no TV channel list or anything about the hotel.,there was no tv channel list or anything about the hotel,0.001,0.3801411986351013,0.001,0.83357084,0.8640715,0.903163,0.001,0.3801411986351013,0.001
187,187,187,"When I walked on the carpet floor without any socks on, my feet instantly became very itchy.","when i walked on the carpet floor without any socks on, my feet instantly became very itchy",0.001,0.31731781363487244,0.001,0.25509533,0.55444163,0.7441804,0.0,0.0,0.0
188,188,188,"We asked for two extra pillows at the end of the night, and we each woke up with a pimple on our faces.","we asked for two extra pillows at the end of the night, and we each woke up with a pimple on our faces",0.001,0.2622365355491638,0.001,0.82096446,0.8867856,0.885539,0.001,0.2622365355491638,0.001
189,189,189,"Parking spaces are hard to find, due to being in Times Sq.","parking spaces are hard to find, due to being in times sq",0.001,0.001,0.22125594317913053,0.38051727,0.8436755,0.8329179,0.0,0.0,0.0
190,190,190,Queen bed had enough space for two people.,queen bed had enough space for two people,0.001,0.7153253555297852,0.001,0.84404993,0.892585,0.8803613,0.001,0.7153253555297852,0.001
191,191,191,"Stayed at the ROW NYC, location convenient to Times Square, and safe.","stayed at the row nyc, location convenient to times square, and safe",0.001,0.001,0.6175833344459534,0.91291356,0.9599204,0.9110702,0.001,0.001,0.6175833344459534
192,192,192,The lobby lounge was friendly and City Market was nice with lots of choices.,the lobby lounge was friendly and city market was nice with lots of choices,0.001,0.001,0.001,0.9677888,0.9770487,0.94507444,0.001,0.001,0.001
193,193,193,"Our room was clean and quiet, Will go back","our room was clean and quiet, will go back",0.001,0.5005701184272766,0.001,0.8439318,0.7324128,0.91234577,0.001,0.5005701184272766,0.001
194,194,194,Perfect location.,perfect location,0.001,0.001,0.7226921916007996,0.8659847,0.89842474,0.91233045,0.001,0.001,0.7226921916007996
195,195,195,Just enough space for a single person or couple in the full bed room.,just enough space for a single person or couple in the full bed room,0.001,0.5404995083808899,0.001,0.7104201,0.78877777,0.8100995,0.001,0.5404995083808899,0.001
196,196,196,"Indulge and take the NYC tour foe Uptown, Downtown and Staen Island Ferry.","indulge and take the nyc tour foe uptown, downtown and staen island ferry",0.001,0.001,0.5426973104476929,0.96263885,0.9582172,0.95452726,0.001,0.001,0.5426973104476929
197,197,197,Be sure to stop at the photo booth and take a few flicks and have them emailed to you.,be sure to stop at the photo booth and take a few flicks and have them emailed to you,0.001,0.001,0.001,0.89036065,0.88688767,0.925626,0.001,0.001,0.001
198,198,198,Totally awesome trip.,totally awesome trip,0.001,0.001,0.001,0.9745859,0.98267186,0.9691726,0.001,0.001,0.001
199,199,199,"When I arrived the reservation was wrong, booked one room with 2 double beds and was told it was for a room with one bed, after showing them my Groupon they agreed it was a mistake ","when i arrived the reservation was wrong, booked one room with 2 double beds and was told it was for a room with one bed, after showing them my groupon they agreed it was a mistake",0.001,0.2782488465309143,0.001,0.47091538,0.6883898,0.7600621,0.0,0.0,0.0
200,200,200," didn't have any double rooms available, they ended up giving us 2 rooms near each other for no additional cost which was great ","didn't have any double rooms available, they ended up giving us 2 rooms near each other for no additional cost which was great",0.001,0.4055497646331787,0.21532504260540009,0.90060914,0.94173044,0.90242785,0.001,0.4055497646331787,0.21532504260540009
201,201,201, the customer service I experienced later in the evening was awful!,the customer service i experienced later in the evening was awful!,0.001,0.001,0.001,0.16865912,0.20626971,0.46404472,0.0,0.0,0.0
202,202,202,Great location right by Times Square.,great location right by times square,0.001,0.001,0.7917330265045166,0.9334011,0.93455017,0.9108315,0.001,0.001,0.7917330265045166
203,203,203,I was 19 at the time and finding hotels with a minimum check in age of 18 was/is hard.,i was 19 at the time and finding hotels with a minimum check in age of 18 was/is hard,0.001,0.001,0.001,0.58697486,0.8116213,0.84334743,0.001,0.001,0.001
204,204,204,The hotel was just a few minutes away from Time Square.,the hotel was just a few minutes away from time square,0.001,0.001,0.5437499284744263,0.93049914,0.9293175,0.9220563,0.001,0.001,0.5437499284744263
205,205,205,I could see the H&M Tower from my room.,i could see the h&m tower from my room,0.001,0.001,0.001,0.87174195,0.8463295,0.85843885,0.001,0.001,0.001
206,206,206,"The room was small(could've been smaller so I'm not complaining), ","the room was small(could've been smaller so i'm not complaining),",0.001,0.4108692109584808,0.001,0.79357564,0.82442176,0.8680395,0.001,0.4108692109584808,0.001
207,207,207,It was very clean and the hotel staff was also great.,it was very clean and the hotel staff was also great,0.2642016112804413,0.2932379245758057,0.3586151301860809,0.9758537,0.9024068,0.9431113,0.2642016112804413,0.2932379245758057,0.3586151301860809
208,208,208,I would stay at this hotel again and again.,i would stay at this hotel again and again,0.001,0.001,0.001,0.70185596,0.77547216,0.88738704,0.001,0.001,0.001
209,209,209,Right in the middle of the theatre district and the onsite food court is very convenient!,right in the middle of the theatre district and the onsite food court is very convenient!,0.001,0.001,0.574185311794281,0.9606003,0.9553689,0.91773665,0.001,0.001,0.574185311794281
210,210,210,Service was exceptional.,service was exceptional,0.001,0.001,0.001,0.8659847,0.89842474,0.91233045,0.001,0.001,0.001
211,211,211,Staff very accommodating.,staff very accommodating,0.7234776616096497,0.001,0.001,0.8659847,0.89842474,0.91233045,0.7234776616096497,0.001,0.001
212,212,212,The cafeteria was diverse and offered many choices to eat.,the cafeteria was diverse and offered many choices to eat,0.001,0.001,0.001,0.74645984,0.862654,0.8930475,0.001,0.001,0.001
213,213,213,He helped get our room straight when we were put in the wrong one.,he helped get our room straight when we were put in the wrong one,0.001,0.001,0.001,0.2932711,0.5157858,0.73336005,0.0,0.0,0.0
214,214,214,Very clean and comfortable.,very clean and comfortable,0.001,0.7230522036552429,0.001,0.9141421,0.85725963,0.9022317,0.001,0.7230522036552429,0.001
215,215,215,Had a beautiful view of the city on the 25th floor.,had a beautiful view of the city on the 25th floor,0.001,0.6153460741043091,0.001,0.9453374,0.9752483,0.95065176,0.001,0.6153460741043091,0.001
216,216,216,Junior at check-in was great.,junior at check-in was great,0.001,0.001,0.5415120720863342,0.8659847,0.89842474,0.91233045,0.001,0.001,0.5415120720863342
217,217,217,Check out was easy.,check out was easy,0.001,0.001,0.3894529938697815,0.8659847,0.89842474,0.91233045,0.001,0.001,0.3894529938697815
218,218,218,The room needed a little repair.,the room needed a little repair,0.001,0.001,0.001,0.8611016,0.87767667,0.8847935,0.001,0.001,0.001
219,219,219,"There was duct tape on the corner of bed, the ""ergonomic"" desk chair was an old fold up chair and the heater made noise every time it kicked on.","there was duct tape on the corner of bed, the ""ergonomic"" desk chair was an old fold up chair and the heater made noise every time it kicked on",0.001,0.4698567688465118,0.001,0.1867283,0.60990345,0.7372803,0.0,0.0,0.0
220,220,220,Other than that would definitely stay there again.,other than that would definitely stay there again,0.001,0.001,0.001,0.98404956,0.9717462,0.9591607,0.001,0.001,0.001
221,221,221,I notice the price is better on the Row NYC website than the Groupon I purchased; so perhaps check the website to see if you can get a better price through the hotel.,i notice the price is better on the row nyc website than the groupon i purchased; so perhaps check the website to see if you can get a better price through the hotel,0.001,0.001,0.001,0.39284402,0.82813704,0.84613436,0.0,0.0,0.0
222,222,222,"The accommodations were lovely -- my girls said it was ""perfect for Millenials""","the accommodations were lovely -- my girls said it was ""perfect for millenials""",0.001,0.001,0.001,0.95617425,0.983101,0.9688739,0.001,0.001,0.001
223,223,223,"Location, location, location.","location, location, location",0.001,0.001,0.792133629322052,0.8659847,0.89842474,0.91233045,0.001,0.001,0.792133629322052
224,224,224,Very convenient to the Broadway theaters,very convenient to the broadway theaters,0.001,0.001,0.7231809496879578,0.9385823,0.96975493,0.93836737,0.001,0.001,0.7231809496879578
225,225,225,it is located near all major Times Square locations.,it is located near all major times square locations,0.001,0.001,0.8337246179580688,0.840354,0.91512454,0.88028556,0.001,0.001,0.8337246179580688
226,226,226,"The only negative I would say was the long line for the check in, other than that everything was perfect!","the only negative i would say was the long line for the check in, other than that everything was perfect!",0.001,0.001,0.3363553583621979,0.7607099,0.8743165,0.8730838,0.001,0.001,0.3363553583621979
227,227,227,We arrived early and were able to check in right away!,we arrived early and were able to check in right away!,0.001,0.001,0.2744426131248474,0.92158985,0.8747537,0.9159298,0.001,0.001,0.2744426131248474
228,228,228,Valet parking is worth it to save yourself the headache.,valet parking is worth it to save yourself the headache,0.2655225396156311,0.001,0.31083160638809204,0.35769987,0.7360776,0.8688651,0.0,0.0,0.0
229,229,229, it was really cute.,it was really cute,0.001,0.7210583686828613,0.001,0.85454094,0.9024324,0.9145053,0.001,0.7210583686828613,0.001
230,230,230,"clean, price except for add on daily charges","clean, price except for add on daily charges",0.001,0.2613561153411865,0.001,0.71519476,0.9109868,0.8706355,0.001,0.2613561153411865,0.001
231,231,231,"Clean rooms ,efficient staff ,great location.","clean rooms ,efficient staff ,great location",0.3097082078456879,0.3724457025527954,0.2461846619844437,0.8909399,0.80402803,0.8830503,0.3097082078456879,0.3724457025527954,0.2461846619844437
232,232,232,"Very convenient location, close to Times Square and theaters.","very convenient location, close to times square and theaters",0.001,0.001,0.8341463208198547,0.87943506,0.95957935,0.9117559,0.001,0.001,0.8341463208198547
233,233,233,It was clean and big enough to soak in.,it was clean and big enough to soak in,0.001,0.5967237949371338,0.001,0.8556273,0.91234285,0.9060191,0.001,0.5967237949371338,0.001
234,234,234,This is a huge plus for someone who lives with a stall shower and just wants to relax in a nice hot bubble bath.,this is a huge plus for someone who lives with a stall shower and just wants to relax in a nice hot bubble bath,0.001,0.3455424010753632,0.001,0.86310506,0.9171289,0.9163798,0.001,0.3455424010753632,0.001
235,235,235,"The room was very nice, location was VG.","the room was very nice, location was vg",0.001,0.5231341719627379,0.31051090359687805,0.81522834,0.8852269,0.8838111,0.001,0.5231341719627379,0.31051090359687805
236,236,236,Groupon will hit you for a booking fee and the hotel hits u for city hotel tax.,groupon will hit you for a booking fee and the hotel hits u for city hotel tax,0.001,0.32976651191711426,0.001,0.74867797,0.8565245,0.9078792,0.001,0.32976651191711426,0.001
237,237,237,"Check in was quite long of a wait, elevators seemed to work very slowly.","check in was quite long of a wait, elevators seemed to work very slowly",0.001,0.001,0.001,0.71809167,0.8629192,0.8883203,0.001,0.001,0.001
238,238,238,I had a very loud neighbor that talked until 2 - 3 in the morning.,i had a very loud neighbor that talked until 2 - 3 in the morning,0.001,0.001,0.20036980509758,0.5055204,0.73607004,0.77035755,0.001,0.001,0.20036980509758
239,239,239,"Hoping that they would settle down, that did not happen.","hoping that they would settle down, that did not happen",0.001,0.001,0.001,0.567619,0.7595073,0.8086469,0.001,0.001,0.001
240,240,240,I did contact security and they did handle it- within 30 - 40 minute window,i did contact security and they did handle it- within 30 - 40 minute window,0.001,0.001,0.2756046950817108,0.832989,0.70478976,0.7680459,0.001,0.001,0.2756046950817108
241,241,241,Rooms were clean.,rooms were clean,0.001,0.7229588031768799,0.001,0.8659847,0.89842474,0.91233045,0.001,0.7229588031768799,0.001
242,242,242,The only thing we did not expect was a total of $89.00 facility fee which I was not told about before booking.,the only thing we did not expect was a total of $8900 facility fee which i was not told about before booking,0.001,0.001,0.001,0.40780386,0.8069278,0.8059801,0.0,0.0,0.0
243,243,243,Great location and comfortable beds,great location and comfortable beds,0.001,0.5216899514198303,0.3445130884647369,0.94295746,0.9791993,0.9363663,0.001,0.5216899514198303,0.3445130884647369
244,244,244,Hotel is in a great location,hotel is in a great location,0.001,0.001,0.001,0.91598916,0.9765235,0.92947125,0.001,0.001,0.001
245,245,245,It was also very clean.,it was also very clean,0.001,0.7210392951965332,0.001,0.92886966,0.93908966,0.9167822,0.001,0.7210392951965332,0.001
246,246,246,I loved that the hotel was close to everything.,i loved that the hotel was close to everything,0.001,0.001,0.44345083832740784,0.6757418,0.90069073,0.8998716,0.001,0.001,0.44345083832740784
247,247,247,Check in was easy and painless.,check in was easy and painless,0.5416320562362671,0.001,0.2916596829891205,0.97046185,0.9638746,0.93163645,0.5416320562362671,0.001,0.2916596829891205
248,248,248, otherwise farely clean.,otherwise farely clean,0.001,0.3898316621780396,0.001,0.53665906,0.842468,0.8482319,0.001,0.3898316621780396,0.001
249,249,249,The bathroom mirror could use some fixing the silver mirror like base was coming off and you could see a brown based glue that was used to seal it together.,the bathroom mirror could use some fixing the silver mirror like base was coming off and you could see a brown based glue that was used to seal it together,0.001,0.2891363203525543,0.001,0.4429315,0.67599756,0.620139,0.0,0.0,0.0
250,250,250,Bathroom could have been a little cleaner.,bathroom could have been a little cleaner,0.001,0.4945501983165741,0.001,0.8675524,0.8706611,0.86843246,0.001,0.4945501983165741,0.001
251,251,251,The location was perfect for us.,the location was perfect for us,0.001,0.001,0.7227271199226379,0.96407914,0.9800215,0.9412091,0.001,0.001,0.7227271199226379
252,252,252,The hotel was near everywhere we wanted to go.,the hotel was near everywhere we wanted to go,0.001,0.001,0.8605009913444519,0.84124184,0.9096062,0.92658305,0.001,0.001,0.8605009913444519
253,253,253,Easy check-in process,easy check-in process,0.001,0.001,0.2917051017284393,0.7783617,0.8106488,0.87456954,0.001,0.001,0.2917051017284393
254,254,254,"was clean, nice looking, convenient, inexpensive, easy transition for check in and check in of bags.","was clean, nice looking, convenient, inexpensive, easy transition for check in and check in of bags",0.001,0.001,0.407463401556015,0.91225886,0.922195,0.9364191,0.001,0.001,0.407463401556015
255,255,255,Only negative I would have to say is the hallway is a little tight.,only negative i would have to say is the hallway is a little tight,0.001,0.001,0.001,0.7707155,0.8441212,0.8165114,0.001,0.001,0.001
256,256,256,We had a 2 bed bit for 4 people we would have preferred a little more room.,we had a 2 bed bit for 4 people we would have preferred a little more room,0.001,0.3757602274417877,0.001,0.79163086,0.83769834,0.85053474,0.001,0.3757602274417877,0.001
257,257,257,We were supposed to have a city view room!,we were supposed to have a city view room!,0.001,0.41384682059288025,0.001,0.9325796,0.94433886,0.93495476,0.001,0.41384682059288025,0.001
258,258,258,Location - close to all NYC has to offfer,location - close to all nyc has to offfer,0.001,0.001,0.7240532636642456,0.39958435,0.8794689,0.88110113,0.0,0.0,0.0
259,259,259,Access to Time Square and City Kitche,access to time square and city kitche,0.5847954750061035,0.001,0.001,0.63702965,0.8731245,0.91496736,0.5847954750061035,0.001,0.001
260,260,260,There's a bar in the hotel and city kitchen is connected to the hotel.,there's a bar in the hotel and city kitchen is connected to the hotel,0.001,0.001,0.001,0.95258975,0.94883066,0.9115051,0.001,0.001,0.001
261,261,261,Great location and hotel room very clean,great location and hotel room very clean,0.001,0.4355791509151459,0.452634185552597,0.90286005,0.8602026,0.9068886,0.001,0.4355791509151459,0.452634185552597
262,262,262,"In the theater district, walking distance to Radio City, Time Square and Rockefeller Center.","in the theater district, walking distance to radio city, time square and rockefeller center",0.001,0.001,0.834173858165741,0.9652885,0.9543691,0.9389886,0.001,0.001,0.834173858165741
263,263,263,Plus subway 1 block away to get to anywhere else you wanted to go.,plus subway 1 block away to get to anywhere else you wanted to go,0.001,0.001,0.68524169921875,0.9250861,0.91697717,0.91549754,0.001,0.001,0.68524169921875
264,264,264,The location & ambience - hip and dynamic!,the location & ambience - hip and dynamic!,0.001,0.001,0.5420210957527161,0.9301194,0.95974326,0.9353924,0.001,0.001,0.5420210957527161
265,265,265,comfortable and room had good storage space for clothes and accessories,comfortable and room had good storage space for clothes and accessories,0.001,0.755048930644989,0.001,0.9561076,0.97195363,0.93460584,0.001,0.755048930644989,0.001
266,266,266,:) I can not say enough about how wonderful this hotel is!,:) i can not say enough about how wonderful this hotel is!,0.001,0.001,0.001,0.96511424,0.9813987,0.95931876,0.001,0.001,0.001
267,267,267,Living on Long Island I never HAVE to stay in NYC ,living on long island i never have to stay in nyc,0.001,0.001,0.001,0.06363532,0.3279251,0.7078792,0.0,0.0,0.0
268,268,268,This will ALWAYS be my hotel choice and I suggest you try it out!,this will always be my hotel choice and i suggest you try it out!,0.001,0.001,0.001,0.60239446,0.8504534,0.9006188,0.001,0.001,0.001
269,269,269,right near theater district and restaurants,right near theater district and restaurants,0.001,0.001,0.8608984351158142,0.93726647,0.9546974,0.9321883,0.001,0.001,0.8608984351158142
270,270,270,We had two beds.,we had two beds,0.001,0.7225449085235596,0.001,0.8850839,0.90501827,0.90190744,0.001,0.7225449085235596,0.001
271,271,271,felt brand new in a great location,felt brand new in a great location,0.001,0.001,0.001,0.90391994,0.967886,0.94077194,0.001,0.001,0.001
272,272,272,"Location, lobby ammenities","location, lobby ammenities",0.001,0.5406978726387024,0.2915518283843994,0.88756526,0.9001071,0.906139,0.001,0.5406978726387024,0.2915518283843994
273,273,273,location is great for the broadway shows,location is great for the broadway shows,0.001,0.001,0.6329266428947449,0.9441079,0.9694312,0.93004775,0.001,0.001,0.6329266428947449
274,274,274,"the view form the room was nice, everything else was pretty subpar.","the view form the room was nice, everything else was pretty subpar",0.001,0.4660903513431549,0.001,0.8097419,0.7800355,0.8910316,0.001,0.4660903513431549,0.001
275,275,275,and there were stains all over the bathtub which was fairly gross.,and there were stains all over the bathtub which was fairly gross,0.001,0.8336146473884583,0.001,0.78374845,0.8643912,0.8584564,0.001,0.8336146473884583,0.001
276,276,276,Our room was ready upon check in and every clean.,our room was ready upon check in and every clean,0.001,0.001,0.001,0.8830483,0.866284,0.89718324,0.001,0.001,0.001
277,277,277,"the hotel is on a great spot, the lobby is cool ","the hotel is on a great spot, the lobby is cool",0.001,0.34015512466430664,0.26055464148521423,0.9672624,0.9667587,0.94366086,0.001,0.34015512466430664,0.26055464148521423
278,278,278,"the bed is very low to the floor, the tub was filthy and housekeeping will keep you up all morning being very loud.","the bed is very low to the floor, the tub was filthy and housekeeping will keep you up all morning being very loud",0.001,0.4512626230716705,0.001,0.09646618,0.32540435,0.37980574,0.0,0.0,0.0
279,279,279,Friendly check in staff.,friendly check in staff,0.7921969890594482,0.001,0.001,0.8517383,0.84200704,0.90508395,0.7921969890594482,0.001,0.001
280,280,280,Decent sized rooms with all the basics.,decent sized rooms with all the basics,0.001,0.6335363388061523,0.001,0.94359803,0.9531768,0.9116522,0.001,0.6335363388061523,0.001
281,281,281,"Location, location, location.","location, location, location",0.001,0.001,0.792134702205658,0.8659847,0.89842474,0.91233045,0.001,0.001,0.792134702205658
282,282,282,"The hotel associate, Reina, was very nice and helpful: my mom and I were able to get into the room earlier and that really made our trip more enjoyable and smooth.","the hotel associate, reina, was very nice and helpful: my mom and i were able to get into the room earlier and that really made our trip more enjoyable and smooth",0.001,0.001,0.001,0.9651975,0.9766977,0.9689619,0.001,0.001,0.001
283,283,283,"Second time here,and already have a reservation for January.","second time here,and already have a reservation for january",0.001,0.001,0.001,0.8075688,0.90970665,0.8912096,0.001,0.001,0.001
284,284,284,Love the way they updated an older building.,love the way they updated an older building,0.001,0.517745316028595,0.001,0.8991004,0.8981514,0.9183761,0.001,0.517745316028595,0.001
285,285,285,"Check in was easy, room was nice with view if several Broadway theaters.","check in was easy, room was nice with view if several broadway theaters",0.001,0.3636117577552795,0.3717890381813049,0.81766886,0.9230182,0.9027592,0.001,0.3636117577552795,0.3717890381813049
286,286,286,Will definitely stay there again.,will definitely stay there again,0.001,0.001,0.001,0.98483133,0.98129106,0.9757166,0.001,0.001,0.001
287,287,287,Loved how it was so close to everything in the city!,loved how it was so close to everything in the city!,0.001,0.001,0.5573015809059143,0.87940794,0.9463864,0.9153014,0.001,0.001,0.5573015809059143
288,288,288,Was very pleased with the hotel and the convenience of location,was very pleased with the hotel and the convenience of location,0.001,0.001,0.001,0.9673024,0.9734491,0.95619726,0.001,0.001,0.001
289,289,289,Would stay there again particularly for that price!,would stay there again particularly for that price!,0.001,0.2916035056114197,0.001,0.733197,0.76864755,0.9329283,0.001,0.2916035056114197,0.001
290,290,290,"rot problems with molding just covered in paint), ","rot problems with molding just covered in paint),",0.001,0.5259103775024414,0.001,0.75417584,0.7957292,0.8443625,0.001,0.5259103775024414,0.001
291,291,291, it didn't really bother us.,it didn't really bother us,0.001,0.001,0.001,0.7143317,0.83435273,0.8751657,0.001,0.001,0.001
292,292,292,I can just foresee these flaws coming up as bigger problems down the road because they were simply ignored.,i can just foresee these flaws coming up as bigger problems down the road because they were simply ignored,0.001,0.001,0.001,0.8410516,0.8304094,0.9092746,0.001,0.001,0.001
293,293,293,"Very Nice, Smells Great and Looks Clean","very nice, smells great and looks clean",0.001,0.7214239835739136,0.001,0.8659847,0.89842474,0.91233045,0.001,0.7214239835739136,0.001
294,294,294,Rooms were super small ,rooms were super small,0.001,0.7913231849670409,0.001,0.9372678,0.94465023,0.9238949,0.001,0.7913231849670409,0.001
295,295,295,"I really thought that it was wonderful, the rooms were a little small ","i really thought that it was wonderful, the rooms were a little small",0.001,0.442450612783432,0.001,0.83910286,0.86215055,0.8814894,0.001,0.442450612783432,0.001
296,296,296, everything was really nice.,everything was really nice,0.001,0.7904732227325441,0.001,0.9425299,0.95371425,0.9303152,0.001,0.7904732227325441,0.001
297,297,297,please fix the AC in the hallways!,please fix the ac in the hallways!,0.001,0.001,0.001,0.4719617,0.7027941,0.79417515,0.0,0.0,0.0
298,298,298,We really enjoyed our stay at The Milford.,we really enjoyed our stay at the milford,0.001,0.001,0.001,0.84381163,0.92687595,0.9351381,0.001,0.001,0.001
299,299,299,The stay was uneventful and pleasant.,the stay was uneventful and pleasant,0.5261157751083374,0.001,0.001,0.7386489,0.85977185,0.9267121,0.5261157751083374,0.001,0.001
300,300,300, all the rooms are small on NYC....,all the rooms are small on nyc,0.001,0.7221264243125916,0.001,0.85386145,0.8430182,0.877072,0.001,0.7221264243125916,0.001
301,301,301,"Although the rooms were small, we found we had everything we need and all the decor and fixtures were new, modern, and very much appreciated.","although the rooms were small, we found we had everything we need and all the decor and fixtures were new, modern, and very much appreciated",0.001,0.6362566351890564,0.001,0.8984888,0.9243431,0.9102876,0.001,0.6362566351890564,0.001
302,302,302,"We particularly liked the large TV, although allowing it to tilt or turn a bit would help that small room out a lot.","we particularly liked the large tv, although allowing it to tilt or turn a bit would help that small room out a lot",0.001,0.5497990250587463,0.001,0.824903,0.8092656,0.872785,0.001,0.5497990250587463,0.001
303,303,303,The updating was done with excellent taste and made us feel very comfortable.,the updating was done with excellent taste and made us feel very comfortable,0.3834973275661469,0.3396646082401276,0.001,0.95698273,0.9534195,0.9454024,0.3834973275661469,0.3396646082401276,0.001
304,304,304,We would suggest a little more sound proofing as we were awoken by sounds in the hall a few times.,we would suggest a little more sound proofing as we were awoken by sounds in the hall a few times,0.001,0.001,0.001,0.66442746,0.8111665,0.86167216,0.001,0.001,0.001
305,305,305,We would recommend this hotel to those who want a fantastic location and all the modern comforts of a hotel ,we would recommend this hotel to those who want a fantastic location and all the modern comforts of a hotel,0.001,0.001,0.001,0.9233686,0.98152745,0.94935066,0.001,0.001,0.001
306,306,306,When I was staying at the Milford hotel there was construction going on which was fine because where my room was it was very quiet.,when i was staying at the milford hotel there was construction going on which was fine because where my room was it was very quiet,0.001,0.3638554513454437,0.001,0.53018516,0.82439876,0.8927756,0.001,0.3638554513454437,0.001
307,307,307,I do have one complaint though.,i do have one complaint though,0.001,0.001,0.001,0.77341974,0.87281704,0.85036755,0.001,0.001,0.001
308,308,308,Every time I called the front desk there was no answer.. Every time!,every time i called the front desk there was no answer every time!,0.3048211336135864,0.001,0.001,0.64226127,0.7997422,0.8351139,0.3048211336135864,0.001,0.001
309,309,309, other than that I did enjoy the room and the theme.,other than that i did enjoy the room and the theme,0.001,0.29136359691619873,0.001,0.9466647,0.97601414,0.9547943,0.001,0.29136359691619873,0.001
310,310,310,Would be nice if you offered some smoking rooms,would be nice if you offered some smoking rooms,0.001,0.3800021409988403,0.001,0.8200091,0.8638059,0.8898448,0.001,0.3800021409988403,0.001
311,311,311,Horrible customer service,horrible customer service,0.7912867069244385,0.001,0.001,0.23609048,0.15939361,0.33112139,0.0,0.0,0.0
312,312,312,At 10am they had a fire drill woke us up !,at 10am they had a fire drill woke us up !,0.001,0.001,0.001,0.33072898,0.7042577,0.7955935,0.0,0.0,0.0
313,313,313,Please cancel my reservation,please cancel my reservation,0.4998418092727661,0.001,0.001,0.60387784,0.77928627,0.83637637,0.4998418092727661,0.001,0.001
314,314,314,Say there going too fix situation room was so hot and sent worker up too fix 1AM was in and out for hour and work up 7AM was so hot wasn't funny!!!,say there going too fix situation room was so hot and sent worker up too fix 1am was in and out for hour and work up 7am was so hot wasn't funny!!,0.001,0.001,0.001,0.13111803,0.42444536,0.35973263,0.0,0.0,0.0
315,315,315,Been there 4 or 5 times and would sleep in my car before ever staying there again..!,been there 4 or 5 times and would sleep in my car before ever staying there again!,0.001,0.001,0.001,0.70229995,0.85635746,0.871457,0.001,0.001,0.001
316,316,316,"Becareful if booking when you checkout because they charged for hotel fee, parking, ","becareful if booking when you checkout because they charged for hotel fee, parking,",0.001,0.001,0.2783128321170807,0.79803926,0.84374356,0.9207592,0.001,0.001,0.2783128321170807
317,317,317,Over last year manager has changed everytime checking in.,over last year manager has changed everytime checking in,0.001,0.001,0.001,0.7311467,0.6443315,0.8205067,0.001,0.001,0.001
318,318,318,Another party was complaining during checkout that room was dirty and had used condoms in drawer!!!,another party was complaining during checkout that room was dirty and had used condoms in drawer!!,0.001,0.001,0.001,0.04662758,0.19673696,0.3098255,0.0,0.0,0.0
319,319,319,Floor didn't look like it was cleaned.,floor didn't look like it was cleaned,0.001,0.6687260866165161,0.001,0.74107844,0.79371536,0.8508165,0.001,0.6687260866165161,0.001
320,320,320,The room was so cold and heater was not working.,the room was so cold and heater was not working,0.001,0.001,0.001,0.2782946,0.54860413,0.6624358,0.0,0.0,0.0
321,321,321,"After a guy fixed it, it made noisy sound throughout the night.","after a guy fixed it, it made noisy sound throughout the night",0.001,0.001,0.001,0.3134613,0.6629834,0.8051237,0.0,0.0,0.0
322,322,322, the staff was extremely rude when we called for a late check out!,the staff was extremely rude when we called for a late check out!,0.5300382375717163,0.001,0.001,0.031629145,0.091364026,0.31982365,0.0,0.0,0.0
323,323,323,She simple screamed NO and hung up.,she simple screamed no and hung up,0.5426321029663086,0.2911396324634552,0.001,0.92177844,0.90775216,0.92387456,0.5426321029663086,0.2911396324634552,0.001
324,324,324,It's a Monday how come we can't stay till 3?,it's a monday how come we can't stay till 3?,0.001,0.001,0.001,0.8145564,0.89616466,0.9120258,0.001,0.001,0.001
325,325,325,Check in is not till 4 and our flights not till tonight.,check in is not till 4 and our flights not till tonight,0.001,0.001,0.2724359929561615,0.87864125,0.9011463,0.92275834,0.001,0.001,0.2724359929561615
326,326,326,Nope they would not accommodate this.,nope they would not accommodate this,0.001,0.001,0.001,0.8751204,0.90199894,0.93592584,0.001,0.001,0.001
327,327,327,"Won't stay here again Oh yea an the resort fee is upwards $50, not worth it","won't stay here again oh yea an the resort fee is upwards $50, not worth it",0.001,0.001,0.001,0.5002036,0.7117419,0.8649376,0.001,0.001,0.001
328,328,328,I arrived in the evening time and the guy standing outside watching me take all of my bags out of my car including one that was completely ripped and he watch me walk all the way upstairs with them instead of offering me help.,i arrived in the evening time and the guy standing outside watching me take all of my bags out of my car including one that was completely ripped and he watch me walk all the way upstairs with them instead of offering me help,0.001,0.001,0.001,0.5555668,0.78221345,0.82045937,0.001,0.001,0.001
329,329,329,While I was checking out one of your hallway service people ask my wife if she was homeless.,while i was checking out one of your hallway service people ask my wife if she was homeless,0.001,0.001,0.001,0.22792381,0.3715456,0.609095,0.0,0.0,0.0
330,330,330,Some people just need to be better about people skills.,some people just need to be better about people skills,0.8609229326248169,0.001,0.001,0.59963226,0.7867116,0.82081735,0.8609229326248169,0.001,0.001
331,331,331,"Noticed our toilet making a loud noise hours after we had used it and a few minutes later there was sewage in our bath tub, so, needless to say we did not take a shower.","noticed our toilet making a loud noise hours after we had used it and a few minutes later there was sewage in our bath tub, so, needless to say we did not take a shower",0.001,0.001,0.001,0.18287128,0.549146,0.60106224,0.0,0.0,0.0
332,332,332,"The room also, was not cleaned well and their was dust and dirt everywhere.","the room also, was not cleaned well and their was dust and dirt everywhere",0.001,0.3246226012706757,0.001,0.09295258,0.39272928,0.5193742,0.0,0.0,0.0
333,333,333,The rooms are also the smallest hotel rooms I have ever seen and finding your room is a feat.,the rooms are also the smallest hotel rooms i have ever seen and finding your room is a feat,0.001,0.4359691441059113,0.001,0.9493278,0.9418934,0.9384476,0.001,0.4359691441059113,0.001
334,334,334,"Very dirty, lobby, rooms, furnature was old and worn.Elevator was suppose to be being checked and would be down 5 mins.","very dirty, lobby, rooms, furnature was old and wornelevator was suppose to be being checked and would be down 5 mins",0.001,0.3710597455501557,0.001,0.20983171,0.5856901,0.68508494,0.0,0.0,0.0
335,335,335,"thirty minutes later it was still down, we had to ride a service elevator that stopped at every floor.","thirty minutes later it was still down, we had to ride a service elevator that stopped at every floor",0.001,0.001,0.21126915514469147,0.60025364,0.72958666,0.79741913,0.001,0.001,0.21126915514469147
336,336,336,This made us miss the first thirty minutes of show.,this made us miss the first thirty minutes of show,0.5373184084892273,0.001,0.001,0.8737082,0.87338877,0.8839734,0.5373184084892273,0.001,0.001
337,337,337,"By the time we arrived on the lobby floor from service elevator, my make up was running off my face, and our clothes was wet!","by the time we arrived on the lobby floor from service elevator, my make up was running off my face, and our clothes was wet!",0.001,0.001,0.001,0.68492043,0.8394129,0.8567383,0.001,0.001,0.001
338,338,338,"This hotel is worst than a one star hotel, rooms are very small, behind the bed and night stand was very dirty, bathroom is very outdated, plus they changed you 30 dollars + tax per day for wifi and phone use, mandatory, I will never use this hotel again, Luis Portal","this hotel is worst than a one star hotel, rooms are very small, behind the bed and night stand was very dirty, bathroom is very outdated, plus they changed you 30 dollars + tax per day for wifi and phone use, mandatory, i will never use this hotel again, luis portal",0.001,0.001,0.001,0.20343357,0.42333597,0.4500875,0.0,0.0,0.0
339,339,339,The housekeeper kept harassing us since 9 am trying to rush rooms cleaned when check out us at 12 !,the housekeeper kept harassing us since 9 am trying to rush rooms cleaned when check out us at 12 !,0.001,0.001,0.001,0.47249913,0.59992933,0.80077887,0.0,0.0,0.0
340,340,340,"Knocking on the door at 9 Am after I just told her I'm leaving at check out time , then giving me attitude pointing at her watch like hurry up ..never again ..","knocking on the door at 9 am after i just told her i'm leaving at check out time , then giving me attitude pointing at her watch like hurry up never again ",0.001,0.001,0.001,0.23433405,0.39425665,0.6392355,0.0,0.0,0.0
341,341,341,Groupon is a rip-off and this hotel is absolutely horrible!!!!,groupon is a rip-off and this hotel is absolutely horrible!!!,0.001,0.001,0.001,0.95068306,0.9605392,0.9619508,0.001,0.001,0.001
342,342,342,They put me in the wrong room and when they tried to give me another room for the inconvenience there was someone already staying there.,they put me in the wrong room and when they tried to give me another room for the inconvenience there was someone already staying there,0.001,0.001,0.001,0.12687305,0.49024454,0.58281165,0.0,0.0,0.0
343,343,343,They blamed Groupon for sending the wrong room information ,they blamed groupon for sending the wrong room information,0.001,0.001,0.001,0.5709936,0.56958103,0.8102021,0.001,0.001,0.001
344,344,344, l never experienced a hotel more disorganized than this.,l never experienced a hotel more disorganized than this,0.001,0.001,0.001,0.15232545,0.6036445,0.73772395,0.0,0.0,0.0
345,345,345,The room was tiny with a small little window facing an old dirty generator.,the room was tiny with a small little window facing an old dirty generator,0.001,0.6470217108726501,0.001,0.082244456,0.47861475,0.296829,0.0,0.0,0.0
346,346,346,The room smacked us in the face with the smell of mildew.,the room smacked us in the face with the smell of mildew,0.001,0.4753914177417755,0.001,0.56821513,0.6393417,0.6797706,0.001,0.4753914177417755,0.001
347,347,347,There minimalist style was taken a little far when my husband and I were given 1 towel to wash with and a TV w/ no remote.,there minimalist style was taken a little far when my husband and i were given 1 towel to wash with and a tv w/ no remote,0.001,0.44033437967300415,0.001,0.682163,0.7241224,0.776677,0.001,0.44033437967300415,0.001
348,348,348,I figure they felt the room was so small we could change the channel from our bed.,i figure they felt the room was so small we could change the channel from our bed,0.001,0.5336465835571289,0.001,0.45618957,0.6896711,0.73479515,0.0,0.0,0.0
349,349,349,The room was exceedingly small.,the room was exceedingly small,0.2910215258598328,0.5424699187278748,0.001,0.90231884,0.92004263,0.9224446,0.2910215258598328,0.5424699187278748,0.001
350,350,350,The bed was in an awkward position that makes it impossible for the second person to get up without rolling on top of the first person or risk walking into the TV.,the bed was in an awkward position that makes it impossible for the second person to get up without rolling on top of the first person or risk walking into the tv,0.001,0.001,0.001,0.2616977,0.61721146,0.7645848,0.0,0.0,0.0
351,351,351,I never took my shoes off except to bathe.,i never took my shoes off except to bathe,0.001,0.001,0.001,0.10909107,0.40523773,0.6577612,0.0,0.0,0.0
352,352,352,Fortunately it was only 1 night.,fortunately it was only 1 night,0.001,0.001,0.001,0.8659847,0.89842474,0.91233045,0.001,0.001,0.001
353,353,353,Would absolutely never recommend it.,would absolutely never recommend it,0.001,0.001,0.001,0.1777328,0.7449797,0.9379097,0.0,0.0,0.0
354,354,354,"The hotel had my reservation under my email so around 11:30pm, the hotel decided they needed to dispatch security who was beating on my door demanding my name and refused to show any ID.","the hotel had my reservation under my email so around 11:30pm, the hotel decided they needed to dispatch security who was beating on my door demanding my name and refused to show any id",0.4674082696437836,0.001,0.001,0.79185873,0.6437542,0.8948599,0.4674082696437836,0.001,0.001
355,355,355,They later called up until 1am for my credit card info again.,they later called up until 1am for my credit card info again,0.001,0.001,0.001,0.35248268,0.55031455,0.7343829,0.0,0.0,0.0
356,356,356,Room was ridiculously small.,room was ridiculously small,0.29153212904930115,0.5420778393745422,0.001,0.56177115,0.8007612,0.8271298,0.29153212904930115,0.5420778393745422,0.001
357,357,357,To top it all off I was not refunded any money paid for the deluxe room .,to top it all off i was not refunded any money paid for the deluxe room ,0.001,0.001,0.001,0.8959158,0.96784806,0.9368439,0.001,0.001,0.001
358,358,358,"Over priced, hidden fees, small rooms, mediocre staff.","over priced, hidden fees, small rooms, mediocre staff",0.2708001136779785,0.3956329822540283,0.001,0.1820536,0.58710694,0.7097844,0.0,0.0,0.0
359,359,359,"the rooms look as though they were cut in half, 4 elevators were not working had to wait over 20mins to get on an elevator, also were not able to check in until 4:00pm and were asked to check out at 12:00pm losing approximately 4hrs.","the rooms look as though they were cut in half, 4 elevators were not working had to wait over 20mins to get on an elevator, also were not able to check in until 4:00pm and were asked to check out at 12:00pm losing approximately 4hrs",0.001,0.001,0.001,0.353812,0.5703477,0.6737186,0.0,0.0,0.0
360,360,360,"Bad experience Groupon according to the hotel over sold there allotted block of rooms causing my room to be downgraded and me and my fiancé having to sleep in separate twin beds, I paid for a deluxe room with a city view and what I received was a room in the back of nowhere with 2 twin beds ruined our weekend","bad experience groupon according to the hotel over sold there allotted block of rooms causing my room to be downgraded and me and my fiancé having to sleep in separate twin beds, i paid for a deluxe room with a city view and what i received was a room in the back of nowhere with 2 twin beds ruined our weekend",0.001,0.3491825461387634,0.001,0.8544671,0.9075304,0.91296685,0.001,0.3491825461387634,0.001
361,361,361,i actually love the hotel ,i actually love the hotel,0.001,0.001,0.001,0.95983005,0.9768468,0.9519546,0.001,0.001,0.001
362,362,362, on this trip we got there and were told they were booked and i couldnt stay there meanwhile i made these reservation over three months ago.,on this trip we got there and were told they were booked and i couldnt stay there meanwhile i made these reservation over three months ago,0.001,0.001,0.001,0.6274841,0.89792204,0.9260043,0.001,0.001,0.001
363,363,363,When I arrived at the hotel after parking my vehicle the hotel informed me that they were overbooked and I did not have a room there.,when i arrived at the hotel after parking my vehicle the hotel informed me that they were overbooked and i did not have a room there,0.001,0.001,0.27424106001853943,0.7590889,0.71848387,0.8418998,0.001,0.001,0.27424106001853943
364,364,364,They informed me I was being relocated to the Stewart Hotel.,they informed me i was being relocated to the stewart hotel,0.001,0.3889756500720978,0.001,0.7278369,0.8551246,0.9326236,0.001,0.3889756500720978,0.001
365,365,365,"This hotel was 10 block away, I had to walk with my luggage to the new location.","this hotel was 10 block away, i had to walk with my luggage to the new location",0.001,0.001,0.6402671933174133,0.9366774,0.89860535,0.91706336,0.001,0.001,0.6402671933174133
366,366,366,While the Stewart Hotel was nice this was not in the area I wanted to stay.,while the stewart hotel was nice this was not in the area i wanted to stay,0.001,0.001,0.001,0.8048022,0.9527384,0.92832303,0.001,0.001,0.001
367,367,367,I would not have booked this trip if I knew I was being relocated to a different hotel.,i would not have booked this trip if i knew i was being relocated to a different hotel,0.001,0.001,0.001,0.5959556,0.8210298,0.87176657,0.001,0.001,0.001
368,368,368,"ROW NYC also should have informed me prior to my arrival that they were over booked, they also offered nothing for this inconvenience.","row nyc also should have informed me prior to my arrival that they were over booked, they also offered nothing for this inconvenience",0.001,0.001,0.001,0.69778657,0.84728616,0.9153179,0.001,0.001,0.001
369,369,369,I'd love to be able to review this ,i'd love to be able to review this,0.001,0.001,0.001,0.9817904,0.9897954,0.9808456,0.001,0.001,0.001
370,370,370,"After a 6 hr flight to get here, we were sent packing to another hotel.","after a 6 hr flight to get here, we were sent packing to another hotel",0.001,0.001,0.001,0.49851948,0.7944403,0.7875657,0.0,0.0,0.0
371,371,371,Our friends did stay her (which split up our party).,our friends did stay her (which split up our party),0.001,0.001,0.001,0.763293,0.87059796,0.90732336,0.001,0.001,0.001
372,372,372,It was one of the worst days of my entire life never have I felt so comfortable in the lobby know for over two hours everything was out-of-control they gave me a double bed instead of a queen size bed everything is well no one could follow instructions,it was one of the worst days of my entire life never have i felt so comfortable in the lobby know for over two hours everything was out-of-control they gave me a double bed instead of a queen size bed everything is well no one could follow instructions,0.001,0.3715606331825256,0.001,0.37853473,0.7335773,0.8792025,0.0,0.0,0.0
373,373,373,It was the worst day of my entire life never ever what I ask anyone or tell anybody over for anybody to this hotel they had me in the hallway for over two hours,it was the worst day of my entire life never ever what i ask anyone or tell anybody over for anybody to this hotel they had me in the hallway for over two hours,0.001,0.001,0.001,0.13172862,0.17083561,0.22414562,0.0,0.0,0.0
374,374,374,It was very dirty and poorly maintained.,it was very dirty and poorly maintained,0.001,0.7921622991561891,0.001,0.01506421,0.16410133,0.3005535,0.0,0.0,0.0
375,375,375,There was dry paint all over the room.,there was dry paint all over the room,0.001,0.5422029495239258,0.001,0.15474993,0.5042372,0.6586769,0.0,0.0,0.0
376,376,376,The corners of the room were not clean and the bathroom window had mold all over it.,the corners of the room were not clean and the bathroom window had mold all over it,0.001,0.6446406841278076,0.001,0.20024866,0.50941837,0.50029635,0.0,0.0,0.0
377,377,377,Also the common areas weren't that great either.,also the common areas weren't that great either,0.001,0.001,0.001,0.92961586,0.96691966,0.9250479,0.001,0.001,0.001
378,378,378,Rude staff To hot in room no control over heat,rude staff to hot in room no control over heat,0.001,0.5278918147087097,0.001,0.51080596,0.68684584,0.7285303,0.001,0.5278918147087097,0.001
379,379,379,I paid for a queen and received a full and group on says too bad.,i paid for a queen and received a full and group on says too bad,0.001,0.001,0.001,0.8580599,0.87872183,0.9067738,0.001,0.001,0.001
380,380,380,BEWARE AND USE PRICELINE.,beware and use priceline,0.001,0.001,0.001,0.8659847,0.89842474,0.91233045,0.001,0.001,0.001
381,381,381,We were very disappointed with both the service & the room here.,we were very disappointed with both the service & the room here,0.001,0.2913254201412201,0.001,0.15573683,0.26157978,0.50427854,0.0,0.0,0.0
382,382,382,"We arrived early, at 9 am, so the receptionist told us that we would receive an email when our room was ready.","we arrived early, at 9 am, so the receptionist told us that we would receive an email when our room was ready",0.001,0.001,0.001,0.30757004,0.413808,0.63222015,0.0,0.0,0.0
383,383,383,"After finally getting into our room, it was nothing as described, dirty, moldy and much smaller than it appeared in pictures.","after finally getting into our room, it was nothing as described, dirty, moldy and much smaller than it appeared in pictures",0.001,0.5039408802986145,0.001,0.09706661,0.40076715,0.5326609,0.0,0.0,0.0
384,384,384,"Room was very small, not overly clean,outdated and loud","room was very small, not overly clean,outdated and loud",0.001,0.38919752836227417,0.001,0.3189835,0.5160087,0.71605694,0.0,0.0,0.0
385,385,385,Very busy lobby Room could use some dusting Small room Good location & nice little food court next to it,very busy lobby room could use some dusting small room good location & nice little food court next to it,0.001,0.299235463142395,0.3005896210670471,0.74050295,0.8847955,0.8882613,0.001,0.299235463142395,0.3005896210670471
386,386,386,The only advantage of this hotel is the location..,the only advantage of this hotel is the location,0.001,0.001,0.5407547354698181,0.9239348,0.9396989,0.9371587,0.001,0.001,0.5407547354698181
387,387,387,"The room was small, dirty and the so called city view was just not existed!!","the room was small, dirty and the so called city view was just not existed!",0.001,0.5707083940505981,0.001,0.100470334,0.23729157,0.58674717,0.0,0.0,0.0
388,388,388,"Furthermore, the window didn't close how it should be so it was very loud during the whole night!","furthermore, the window didn't close how it should be so it was very loud during the whole night!",0.001,0.001,0.001,0.5067641,0.71628046,0.7898774,0.001,0.001,0.001
389,389,389,I was convinced by my friend who I was traveling with to book this place and I ended up regretting it.,i was convinced by my friend who i was traveling with to book this place and i ended up regretting it,0.001,0.001,0.001,0.49831513,0.8683872,0.9259969,0.0,0.0,0.0
390,390,390,I recommend booking a room further out from Times Square.,i recommend booking a room further out from times square,0.001,0.001,0.001,0.8732425,0.8729788,0.91230905,0.001,0.001,0.001
391,391,391,Found roaches in the room.,found roaches in the room,0.001,0.001,0.001,0.8659848,0.89842474,0.91233045,0.001,0.001,0.001
392,392,392,Much better places to stay around Times Square at the same price or better.,much better places to stay around times square at the same price or better,0.001,0.001,0.001,0.30898866,0.79093766,0.85135484,0.0,0.0,0.0
393,393,393,Didn't even vaguely conform to description.,didn't even vaguely conform to description,0.001,0.2735886871814728,0.001,0.47972772,0.6449634,0.8515263,0.0,0.0,0.0
394,394,394,Tiny overpriced room,tiny overpriced room,0.001,0.001,0.001,0.2029679,0.55134374,0.7233049,0.0,0.0,0.0
395,395,395,It was hot and musty in the hallways,it was hot and musty in the hallways,0.001,0.001,0.001,0.4137656,0.66471165,0.7089647,0.0,0.0,0.0
